first_name,last_name,birth,email
Brittney,Abrehart,6/24/1981,babrehart0@state.tx.us
Odie,Lowthian,7/19/1994,olowthian1@usnews.com
Duky,Ruttgers,8/17/1963,druttgers2@webeden.co.uk
Geneva,Plevin,3/4/1952,gplevin3@apache.org
Gabrielle,Creigan,9/14/1946,gcreigan4@ebay.co.uk
Pearce,Marron,7/13/1952,pmarron5@uiuc.edu
Tildie,MacCoughan,8/12/1986,tmaccoughan6@51.la
Burty,Paprotny,1/13/1971,bpaprotny7@cisco.com
Onfre,Dymock,10/10/1972,odymock8@cnbc.com
Babara,Crotty,7/21/1984,bcrotty9@163.com
Agnella,Lynett,7/1/1981,alynetta@github.com
Philbert,Mico,6/28/1959,pmicob@drupal.org
Kalli,Graalmans,8/12/1993,kgraalmansc@cornell.edu
Rebecca,Songust,1/13/1969,rsongustd@home.pl
Quint,Sappell,7/6/1946,qsappelle@linkedin.com
Olly,Hankard,2/4/1965,ohankardf@163.com
Eyde,McQuaker,9/25/1987,emcquakerg@sourceforge.net
Suzanna,Jaine,1/21/1976,sjaineh@yale.edu
Windy,Tinston,10/31/1948,wtinstoni@mtv.com
Carlene,Dewitt,1/26/1991,cdewittj@deviantart.com
Zaneta,Prewer,1/18/1991,zprewerk@cocolog-nifty.com
Kelli,Antalffy,4/11/1982,kantalffyl@apache.org
Korie,Silverstone,7/13/1953,ksilverstonem@latimes.com
Park,Fleetham,2/6/1942,pfleethamn@nyu.edu
Vinita,Carlucci,4/26/1971,vcarluccio@hostgator.com
Esme,Boij,3/5/1949,eboijp@hhs.gov
Katerina,Baughn,11/28/1989,kbaughnq@dell.com
Omero,Cahani,10/28/1976,ocahanir@accuweather.com
Lottie,Etherson,10/24/1992,lethersons@state.tx.us
Jacqueline,Menendes,12/27/1968,jmenendest@amazonaws.com
Marijn,Pentycross,11/21/1958,mpentycrossu@t-online.de
Cherye,Siebart,12/3/1954,csiebartv@newyorker.com
Georgia,Sircombe,7/10/1956,gsircombew@utexas.edu
Enrika,Chater,12/14/1946,echaterx@example.com
Teodoor,Kipping,2/7/1963,tkippingy@sina.com.cn
Tonia,Goldney,3/17/1959,tgoldneyz@mapy.cz
Lurleen,Audas,6/6/1986,laudas10@hp.com
Karoly,Brisco,6/18/1981,kbrisco11@webeden.co.uk
Malinda,Pallasch,10/13/1940,mpallasch12@tumblr.com
Torr,Tregidgo,12/14/1949,ttregidgo13@stumbleupon.com
Vivienne,Doey,4/19/1980,vdoey14@liveinternet.ru
Reinaldos,Pendlenton,6/14/1968,rpendlenton15@vkontakte.ru
Sari,Greener,2/21/1958,sgreener16@plala.or.jp
Waylon,Hardacre,8/23/1952,whardacre17@google.ca
Sebastien,Millott,2/2/1994,smillott18@scribd.com
Jacob,Druhan,3/8/1946,jdruhan19@bloglovin.com
Man,Gowing,10/18/1976,mgowing1a@de.vu
Joella,Floweth,10/26/1986,jfloweth1b@webs.com
Whitman,Leele,8/2/1943,wleele1c@cornell.edu
Lydia,Sturch,1/19/1979,lsturch1d@salon.com
Augustine,Dosdale,3/16/1978,adosdale1e@businessinsider.com
Gardener,Artiss,7/13/1957,gartiss1f@php.net
Rooney,Coom,2/5/1948,rcoom1g@illinois.edu
Randall,Tart,2/15/1983,rtart1h@live.com
Hinda,Heineking,5/13/1958,hheineking1i@census.gov
Etta,Noni,4/21/1979,enoni1j@ebay.com
Rouvin,Esslement,7/18/1960,resslement1k@google.com
Chalmers,Sallenger,4/28/1955,csallenger1l@cbc.ca
Pippa,Tommei,8/21/1942,ptommei1m@redcross.org
Niko,Winton,2/6/1990,nwinton1n@army.mil
Lilah,Rohloff,3/21/1990,lrohloff1o@who.int
Fee,Roxbrough,12/16/1961,froxbrough1p@yale.edu
Archibaldo,Rankine,1/8/1980,arankine1q@webnode.com
Chere,Bramich,5/23/1987,cbramich1r@merriam-webster.com
Griffin,Balogun,4/28/1972,gbalogun1s@ftc.gov
Giovanni,Inchley,1/21/1976,ginchley1t@abc.net.au
Bertram,Malenoir,5/22/1991,bmalenoir1u@berkeley.edu
Luisa,Curr,8/9/1991,lcurr1v@nasa.gov
Yancy,Dunrige,7/4/1957,ydunrige1w@examiner.com
Rania,Vankov,12/30/1946,rvankov1x@nhs.uk
Ryan,Hawthorn,6/17/1992,rhawthorn1y@bandcamp.com
Katheryn,Heale,12/26/1948,kheale1z@scribd.com
Bail,Reuter,3/18/1983,breuter20@opera.com
Suzi,Chastaing,6/27/1971,schastaing21@phpbb.com
Gordon,Slatford,5/30/1970,gslatford22@globo.com
Egan,Merrigan,1/23/1996,emerrigan23@biblegateway.com
Samuel,Blackmuir,10/9/1980,sblackmuir24@delicious.com
Jordan,Wharf,7/12/1969,jwharf25@networkadvertising.org
Maddi,Clash,4/12/1987,mclash26@wired.com
Rhea,Lippi,7/29/1993,rlippi27@slashdot.org
Ronnica,Keddy,12/10/1960,rkeddy28@yellowpages.com
Sholom,Penhaleurack,6/16/1981,spenhaleurack29@hibu.com
Neille,Ibberson,11/23/1991,nibberson2a@blog.com
Tremayne,Mollin,5/3/1965,tmollin2b@addthis.com
Cly,Simonsson,12/26/1964,csimonsson2c@umich.edu
Rockey,Nordass,11/29/1957,rnordass2d@epa.gov
Rosabella,Brommage,7/10/1993,rbrommage2e@plala.or.jp
Flossi,Pfeffle,6/26/1963,fpfeffle2f@dailymotion.com
Lexie,Faichney,2/23/1987,lfaichney2g@e-recht24.de
Brendan,Trevna,12/5/1959,btrevna2h@domainmarket.com
Kingsly,Bowller,6/3/1972,kbowller2i@marriott.com
Catlin,Hulburd,5/1/1985,chulburd2j@so-net.ne.jp
Maggy,Tye,5/21/1974,mtye2k@jigsy.com
Ricoriki,Elliman,4/17/1973,relliman2l@geocities.com
Idell,Oxley,8/10/1950,ioxley2m@howstuffworks.com
Zonda,Netley,12/2/1971,znetley2n@umn.edu
Claire,Donlon,4/28/1969,cdonlon2o@github.com
Harper,McInnerny,2/17/1996,hmcinnerny2p@nature.com
Blondelle,Van der Velde,12/11/1975,bvandervelde2q@narod.ru
Teri,Ivanishchev,10/31/1957,tivanishchev2r@xinhuanet.com
Clarita,Sidwick,2/18/1947,csidwick2s@digg.com
Rosella,Essel,3/24/1979,ressel2t@mysql.com
Leandra,Rosendorf,5/27/1961,lrosendorf2u@ed.gov
Yurik,Pitney,1/8/1960,ypitney2v@topsy.com
Lovell,Shakle,1/12/1972,lshakle2w@home.pl
Linus,Bigg,1/18/1950,lbigg2x@amazon.de
Jillayne,Varian,9/27/1948,jvarian2y@bloglines.com
Lotti,Gynne,2/9/1990,lgynne2z@so-net.ne.jp
Maynard,Clowser,6/11/1991,mclowser30@npr.org
Isak,Dobney,5/29/1978,idobney31@php.net
Betti,Foxon,4/5/1958,bfoxon32@columbia.edu
Alysia,Galway,12/26/1946,agalway33@virginia.edu
Juline,Jacobowitz,10/12/1950,jjacobowitz34@fc2.com
Tomaso,Bloschke,10/2/1972,tbloschke35@tiny.cc
Cassaundra,Seignior,9/15/1948,cseignior36@princeton.edu
Julissa,Doylend,9/5/1986,jdoylend37@oaic.gov.au
Gilberte,Rapelli,10/13/1973,grapelli38@wp.com
Morrie,Fishly,11/19/1957,mfishly39@house.gov
Ase,Ledes,5/31/1955,aledes3a@eventbrite.com
Tabbie,Matchett,6/8/1944,tmatchett3b@mayoclinic.com
Marissa,Sieur,4/26/1964,msieur3c@upenn.edu
Evie,Szimon,10/18/1944,eszimon3d@technorati.com
Melodie,Fielden,9/4/1965,mfielden3e@cnn.com
Gawen,Eggleston,11/15/1955,geggleston3f@wired.com
Kurt,Rogliero,6/26/1945,krogliero3g@usgs.gov
Hunt,Millhill,3/24/1956,hmillhill3h@netlog.com
Robinette,Coste,5/5/1988,rcoste3i@globo.com
Cherilyn,Hastewell,4/3/1949,chastewell3j@china.com.cn
Cyndi,Charrier,12/1/1989,ccharrier3k@altervista.org
Briana,Di Franceschi,7/27/1994,bdifranceschi3l@twitpic.com
Dalston,Kinnin,1/30/1951,dkinnin3m@dagondesign.com
Andriana,Hovington,8/5/1981,ahovington3n@flavors.me
Celestyn,Irnys,9/20/1945,cirnys3o@unblog.fr
Julianna,Lago,2/16/1987,jlago3p@princeton.edu
Genia,Shulver,7/25/1947,gshulver3q@goo.ne.jp
Stuart,Klehyn,6/13/1942,sklehyn3r@cloudflare.com
Theodosia,Jordeson,11/14/1995,tjordeson3s@google.co.uk
Desiree,Naisby,2/22/1963,dnaisby3t@google.pl
Felicio,Liptrod,10/16/1947,fliptrod3u@g.co
Abbey,Vincent,12/1/1951,avincent3v@washington.edu
Fredek,Nix,4/22/1975,fnix3w@disqus.com
Donielle,Chesswas,9/10/1964,dchesswas3x@fema.gov
Corrina,Fritschmann,8/5/1965,cfritschmann3y@ted.com
Guillemette,Byard,3/17/1964,gbyard3z@elpais.com
Jade,Bonwick,9/4/1965,jbonwick40@constantcontact.com
Reese,Coale,8/14/1981,rcoale41@hc360.com
Shoshana,Yanin,9/28/1947,syanin42@wp.com
Adriano,Stoffers,10/21/1987,astoffers43@bbc.co.uk
Mable,Lemmer,4/13/1973,mlemmer44@seesaa.net
Herschel,Bednell,2/29/1972,hbednell45@fastcompany.com
Thedric,Draxford,5/16/1977,tdraxford46@wix.com
Annabell,Pressdee,7/18/1961,apressdee47@uiuc.edu
Nap,Harses,12/30/1958,nharses48@wikia.com
Teodor,McDaid,2/27/1984,tmcdaid49@surveymonkey.com
Tatiania,Goatcher,3/8/1942,tgoatcher4a@ycombinator.com
Wenonah,O' Hern,11/1/1974,wohern4b@thetimes.co.uk
Ilysa,Fellowes,11/18/1991,ifellowes4c@parallels.com
Roda,Whinney,6/16/1955,rwhinney4d@gravatar.com
Jo,Towler,3/9/1950,jtowler4e@goodreads.com
Concettina,Cheshir,3/6/1979,ccheshir4f@archive.org
Sloan,Robilliard,9/7/1975,srobilliard4g@google.de
Ber,Gillbey,12/9/1954,bgillbey4h@xrea.com
Gusella,Mantle,3/9/1993,gmantle4i@google.co.jp
Claribel,Pashler,8/4/1991,cpashler4j@so-net.ne.jp
Terrel,Middiff,8/19/1979,tmiddiff4k@reference.com
Kara-lynn,Ritchings,10/14/1950,kritchings4l@cisco.com
Olympia,Klas,5/9/1944,oklas4m@wordpress.org
Lizbeth,Vedeniktov,8/24/1979,lvedeniktov4n@aboutads.info
Stanly,Singh,3/7/1953,ssingh4o@twitpic.com
Humphrey,Jurgen,2/23/1993,hjurgen4p@latimes.com
Winifred,Abramino,6/29/1957,wabramino4q@exblog.jp
Karlene,Jagiela,11/16/1955,kjagiela4r@nyu.edu
Rosanne,Sulman,5/21/1984,rsulman4s@wordpress.com
Wendie,Whetnall,3/4/1951,wwhetnall4t@indiegogo.com
Claudius,Hallowell,12/23/1990,challowell4u@hao123.com
Ruthy,Audry,10/13/1968,raudry4v@wunderground.com
Berky,Isles,4/17/1949,bisles4w@typepad.com
Brittani,Jersch,11/28/1968,bjersch4x@webs.com
Free,Durrand,2/14/1985,fdurrand4y@qq.com
Benoit,Kinnon,7/23/1963,bkinnon4z@yelp.com
Derron,Plewright,3/11/1979,dplewright50@dagondesign.com
Ursulina,Astill,12/16/1969,uastill51@jimdo.com
Wilmer,Kidder,11/6/1995,wkidder52@nifty.com
Chelsea,Chrismas,4/9/1995,cchrismas53@netvibes.com
Laney,Somerfield,7/7/1955,lsomerfield54@tmall.com
Brietta,Burchell,5/7/1969,bburchell55@nyu.edu
Drusie,Faust,3/10/1984,dfaust56@usa.gov
Jemmie,Dockwra,10/4/1966,jdockwra57@cam.ac.uk
Amitie,Deakin,3/7/1988,adeakin58@uiuc.edu
Raddie,Tripony,8/27/1945,rtripony59@oaic.gov.au
Manny,Newrick,2/2/1951,mnewrick5a@4shared.com
Rhianna,McMearty,3/2/1950,rmcmearty5b@cnbc.com
Dorella,Satchell,2/28/1942,dsatchell5c@comsenz.com
Fidelity,Hildred,7/23/1973,fhildred5d@soup.io
Lurette,Jermey,5/16/1951,ljermey5e@e-recht24.de
Giorgi,Wheelan,1/24/1978,gwheelan5f@cnet.com
Joelle,Sedman,6/4/1951,jsedman5g@topsy.com
Carce,Kingstne,4/10/1984,ckingstne5h@ucoz.com
Binnie,Leere,7/21/1969,bleere5i@shinystat.com
Germaine,Renfrew,9/29/1941,grenfrew5j@over-blog.com
Bernie,Eliasson,7/31/1981,beliasson5k@deviantart.com
Anthony,Dobble,9/28/1952,adobble5l@acquirethisname.com
Christy,Bellsham,8/4/1959,cbellsham5m@yolasite.com
Creighton,Pipworth,12/12/1963,cpipworth5n@bing.com
Guinevere,Bencher,9/23/1948,gbencher5o@github.com
Camala,Humphrey,1/5/1949,chumphrey5p@edublogs.org
Rhianon,Whellams,8/20/1951,rwhellams5q@skype.com
Brynna,Menary,2/12/1943,bmenary5r@opensource.org
Dinah,Obey,2/24/1960,dobey5s@fotki.com
Terrye,Drinnan,5/21/1995,tdrinnan5t@omniture.com
Bunni,Kydde,12/29/1943,bkydde5u@biglobe.ne.jp
Letisha,Bransom,11/26/1979,lbransom5v@nsw.gov.au
Bartholomew,Delap,8/23/1981,bdelap5w@eepurl.com
Bevin,O'Carroll,10/21/1981,bocarroll5x@linkedin.com
Teddie,Vegas,4/28/1949,tvegas5y@flavors.me
Zeb,Van Dale,10/12/1964,zvandale5z@reuters.com
Kendal,Carr,12/7/1962,kcarr60@about.me
Murvyn,Harnott,11/22/1969,mharnott61@nps.gov
Enid,Fryer,8/8/1995,efryer62@ustream.tv
Mischa,Jervis,1/30/1974,mjervis63@boston.com
Dori,Elger,8/28/1942,delger64@wikia.com
Seth,Foale,7/5/1956,sfoale65@gizmodo.com
Opaline,Gladstone,3/20/1974,ogladstone66@discovery.com
Jana,McFarlan,12/21/1959,jmcfarlan67@yale.edu
Barbi,Leadley,11/12/1983,bleadley68@europa.eu
Cherianne,Gregoratti,8/3/1960,cgregoratti69@gravatar.com
Moritz,Ponter,2/27/1989,mponter6a@kickstarter.com
Arni,Bonallack,2/20/1942,abonallack6b@naver.com
Filberto,Wolledge,3/13/1979,fwolledge6c@is.gd
Garik,Giacopetti,8/16/1967,ggiacopetti6d@twitpic.com
Chrissy,Thomtson,10/8/1956,cthomtson6e@hud.gov
Hughie,Greest,1/11/1954,hgreest6f@forbes.com
Paulette,Corkel,4/4/1964,pcorkel6g@flavors.me
Adamo,Lewer,6/11/1972,alewer6h@netscape.com
Maia,Maybury,3/15/1956,mmaybury6i@gnu.org
Christie,Heaphy,7/29/1969,cheaphy6j@privacy.gov.au
Joshua,Harsant,6/11/1949,jharsant6k@squidoo.com
Briny,Bischoff,5/12/1959,bbischoff6l@topsy.com
Annis,Templeton,9/25/1952,atempleton6m@parallels.com
Euphemia,Ponde,9/7/1947,eponde6n@artisteer.com
Paloma,Gribble,9/14/1948,pgribble6o@privacy.gov.au
Ulises,Togwell,3/30/1992,utogwell6p@gizmodo.com
Amerigo,Branscombe,11/13/1981,abranscombe6q@blinklist.com
Rafael,Erricker,2/20/1960,rerricker6r@flavors.me
Traver,Gehrts,3/3/1982,tgehrts6s@uol.com.br
Dalenna,Mimmack,1/21/1976,dmimmack6t@dagondesign.com
Royal,Lord,3/9/1943,rlord6u@google.com
Juanita,Tulk,11/25/1985,jtulk6v@1688.com
Rollins,Lenox,8/21/1969,rlenox6w@marketwatch.com
Colene,Brattell,4/12/1972,cbrattell6x@gravatar.com
Stefan,Spincks,7/21/1966,sspincks6y@cnbc.com
Jodie,Abba,12/9/1940,jabba6z@shareasale.com
Gustav,Cregin,5/16/1941,gcregin70@washingtonpost.com
Marnia,Stranio,3/10/1941,mstranio71@prlog.org
Arman,Leak,6/16/1974,aleak72@narod.ru
Isacco,Bainton,9/28/1953,ibainton73@toplist.cz
Anneliese,Fairbeard,11/1/1970,afairbeard74@weebly.com
Eve,Hould,2/10/1995,ehould75@simplemachines.org
Helsa,Atkinson,12/9/1987,hatkinson76@apache.org
Joe,Ivanuschka,1/13/1981,jivanuschka77@webmd.com
Arther,Galbreth,12/1/1964,agalbreth78@yellowbook.com
Linn,Trewhella,2/19/1955,ltrewhella79@friendfeed.com
Haskell,Eberlein,7/6/1954,heberlein7a@timesonline.co.uk
Alli,Lattos,7/8/1993,alattos7b@stanford.edu
Wilhelmina,Bertelmot,6/1/1952,wbertelmot7c@phoca.cz
Cris,Crichley,1/1/1962,ccrichley7d@blogger.com
Claudina,Alywen,6/7/1963,calywen7e@uol.com.br
Miof mela,Peegrem,11/26/1988,mpeegrem7f@cocolog-nifty.com
Morley,Statter,10/24/1947,mstatter7g@europa.eu
Lucky,Sarson,2/9/1959,lsarson7h@msu.edu
Gerek,Haggata,5/3/1983,ghaggata7i@ycombinator.com
Dore,Cohan,12/15/1963,dcohan7j@pinterest.com
Cally,McCleod,5/11/1940,cmccleod7k@blogs.com
Rouvin,Tourmell,11/13/1954,rtourmell7l@nytimes.com
Nikki,Sealeaf,1/11/1948,nsealeaf7m@stumbleupon.com
Shalne,Tracy,12/1/1955,stracy7n@w3.org
Kerk,Dewire,9/19/1940,kdewire7o@issuu.com
George,Deackes,12/6/1961,gdeackes7p@qq.com
Dacy,Martinek,3/16/1953,dmartinek7q@nhs.uk
Christiano,Waterland,2/26/1953,cwaterland7r@huffingtonpost.com
Aldin,Chadburn,6/17/1946,achadburn7s@apple.com
Kerri,Ellwand,12/26/1979,kellwand7t@g.co
Gaultiero,Alldre,12/7/1940,galldre7u@mozilla.com
Roarke,Pardie,10/1/1955,rpardie7v@archive.org
Tim,Broke,12/13/1961,tbroke7w@unicef.org
Sherie,Wedgwood,11/8/1966,swedgwood7x@cafepress.com
Delaney,McWilliam,5/8/1940,dmcwilliam7y@pinterest.com
Boyd,Mariotte,8/4/1947,bmariotte7z@jugem.jp
Roseanne,Wickwar,8/17/1948,rwickwar80@google.com.br
Tracy,Habert,10/25/1957,thabert81@artisteer.com
Piotr,Hatchman,6/7/1962,phatchman82@chron.com
Alexa,Mulcock,8/25/1962,amulcock83@jiathis.com
Carroll,Kilby,4/9/1941,ckilby84@chronoengine.com
Amby,Courtenay,4/1/1985,acourtenay85@goo.gl
Cindie,Shoebottom,2/4/1996,cshoebottom86@last.fm
Elnora,Jeste,1/9/1978,ejeste87@yahoo.co.jp
Stacie,Lampett,5/3/1986,slampett88@dmoz.org
Reamonn,Bonnar,8/10/1994,rbonnar89@macromedia.com
Alidia,Puig,10/21/1961,apuig8a@ameblo.jp
Lane,Posselt,9/21/1994,lposselt8b@yellowbook.com
Jeth,Wibrew,1/5/1984,jwibrew8c@tinyurl.com
Terencio,Tante,11/22/1969,ttante8d@amazon.com
Arch,Jenicke,1/24/1946,ajenicke8e@51.la
Candie,Elsey,2/2/1969,celsey8f@shutterfly.com
Darsey,Lean,8/9/1969,dlean8g@163.com
Janene,Laible,9/6/1948,jlaible8h@mysql.com
Deedee,Geraldez,8/1/1969,dgeraldez8i@bigcartel.com
Druci,Mattocks,11/23/1948,dmattocks8j@unblog.fr
Jock,Burl,7/15/1985,jburl8k@disqus.com
Renard,Clunie,10/26/1961,rclunie8l@behance.net
Carmon,Bakeup,11/3/1964,cbakeup8m@google.nl
Steward,Lethebridge,3/2/1983,slethebridge8n@businessinsider.com
Ernaline,Selland,8/18/1958,eselland8o@cpanel.net
Aretha,Durling,5/7/1942,adurling8p@desdev.cn
Duke,Gleadhall,11/19/1960,dgleadhall8q@state.tx.us
Haskel,Elcom,5/30/1971,helcom8r@friendfeed.com
Brock,Tuft,2/19/1982,btuft8s@google.com.au
Moritz,Plowell,4/29/1969,mplowell8t@typepad.com
Tadd,Kemet,10/21/1962,tkemet8u@moonfruit.com
Jere,Delahunty,12/26/1969,jdelahunty8v@businessweek.com
Skip,Reiglar,8/3/1971,sreiglar8w@wunderground.com
Laurianne,Andersen,6/18/1948,landersen8x@loc.gov
Hansiain,Bertolaccini,12/10/1994,hbertolaccini8y@vimeo.com
Madel,Milkeham,2/18/1948,mmilkeham8z@twitter.com
Davin,Kidman,11/10/1967,dkidman90@columbia.edu
Min,Antonignetti,1/7/1988,mantonignetti91@exblog.jp
Roxane,Ripper,3/28/1947,rripper92@mail.ru
Gillan,Crichton,2/23/1984,gcrichton93@illinois.edu
Dareen,Menelaws,9/13/1965,dmenelaws94@360.cn
Godard,Clayson,12/13/1977,gclayson95@go.com
Amie,Chaikovski,5/27/1987,achaikovski96@eventbrite.com
Selig,Reynault,11/11/1972,sreynault97@time.com
Florenza,Ferriere,2/26/1994,fferriere98@addthis.com
Nanete,Easterbrook,1/7/1983,neasterbrook99@stumbleupon.com
Reynolds,Donnett,9/5/1945,rdonnett9a@house.gov
Konstance,Hamsley,8/12/1969,khamsley9b@pcworld.com
Willey,Woolatt,8/2/1987,wwoolatt9c@shinystat.com
Gunther,Arrigo,11/30/1972,garrigo9d@yelp.com
Clarie,Lapley,10/21/1982,clapley9e@twitpic.com
Sophronia,Kmietsch,1/26/1976,skmietsch9f@over-blog.com
Charlean,Sustins,12/11/1946,csustins9g@newsvine.com
Dennie,Minogue,5/9/1954,dminogue9h@jalbum.net
Bettine,Brockman,11/7/1982,bbrockman9i@nps.gov
Frazier,Jiggins,1/16/1969,fjiggins9j@mit.edu
Georgina,McKerton,12/5/1963,gmckerton9k@reference.com
Karin,Perrott,7/16/1960,kperrott9l@google.nl
Deane,Oppy,3/12/1988,doppy9m@reverbnation.com
Bucky,Crouse,6/13/1958,bcrouse9n@unc.edu
Caria,Beers,2/25/1950,cbeers9o@biblegateway.com
Milena,McGoon,7/5/1942,mmcgoon9p@ucoz.com
Hussein,Bulteel,9/30/1982,hbulteel9q@1und1.de
Doti,Calf,6/22/1943,dcalf9r@last.fm
Lanna,Randlesome,10/2/1964,lrandlesome9s@google.co.uk
Barnett,Langthorn,1/17/1958,blangthorn9t@adobe.com
Muffin,Murtagh,5/29/1972,mmurtagh9u@economist.com
Grady,Feek,12/18/1956,gfeek9v@fc2.com
Wilbur,Whybray,7/10/1946,wwhybray9w@google.it
Freddy,Shillaker,1/14/1956,fshillaker9x@friendfeed.com
Teresa,Mackstead,11/13/1947,tmackstead9y@1und1.de
Cad,Le Blond,2/22/1946,cleblond9z@cloudflare.com
Mikkel,Stiven,11/3/1971,mstivena0@cnet.com
Hewett,Kabisch,3/30/1942,hkabischa1@tripadvisor.com
Moise,Righy,8/23/1954,mrighya2@nba.com
Bertine,Tann,10/27/1961,btanna3@reuters.com
Midge,Gouldsmith,8/17/1987,mgouldsmitha4@cdc.gov
Cull,Gellett,7/9/1986,cgelletta5@omniture.com
Janeva,Ghidetti,9/1/1949,jghidettia6@sbwire.com
Morty,Eloi,11/5/1941,meloia7@godaddy.com
Mayne,Felgat,5/4/1988,mfelgata8@boston.com
Zaneta,Feldhammer,3/10/1988,zfeldhammera9@google.pl
Valentijn,Crathorne,2/7/1974,vcrathorneaa@nyu.edu
Lowe,Burtonshaw,11/17/1985,lburtonshawab@umich.edu
Dermot,Orneblow,11/9/1946,dorneblowac@istockphoto.com
Fidelity,Janout,2/14/1980,fjanoutad@youtu.be
Fleurette,Risbridger,5/15/1970,frisbridgerae@cornell.edu
Russ,Botte,9/9/1955,rbotteaf@gizmodo.com
Virgie,Chaldecott,7/28/1951,vchaldecottag@google.co.uk
Reinald,Carlett,7/29/1970,rcarlettah@i2i.jp
Quintana,Baversor,10/18/1972,qbaversorai@japanpost.jp
Dasha,Grinikhin,6/27/1986,dgrinikhinaj@nasa.gov
Randi,Andri,10/30/1956,randriak@lycos.com
Kirsten,Duckham,7/18/1987,kduckhamal@qq.com
Giffard,Gulc,6/7/1958,ggulcam@senate.gov
Minna,Clemencon,10/11/1955,mclemenconan@sina.com.cn
Abran,Buist,9/4/1944,abuistao@bbc.co.uk
Mendel,Coyle,9/24/1946,mcoyleap@tuttocitta.it
Trever,Aspinal,12/12/1976,taspinalaq@digg.com
Renelle,Lias,10/20/1970,rliasar@theglobeandmail.com
Susanna,Motten,1/11/1978,smottenas@rediff.com
Doug,Savage,4/18/1986,dsavageat@theguardian.com
Cally,Brian,8/16/1984,cbrianau@deviantart.com
Caresse,Kiddye,6/10/1944,ckiddyeav@yahoo.com
Zarla,Haversum,10/4/1987,zhaversumaw@cocolog-nifty.com
Colby,De Ferrari,8/20/1970,cdeferrariax@nifty.com
Lauralee,Newlands,9/4/1965,lnewlandsay@economist.com
Clary,Cruces,9/12/1986,ccrucesaz@yellowbook.com
Alexandr,Quinton,9/24/1956,aquintonb0@microsoft.com
Montague,Gerard,2/9/1949,mgerardb1@prweb.com
Corenda,Draper,1/29/1956,cdraperb2@mashable.com
Lauralee,Oakinfold,2/23/1974,loakinfoldb3@nasa.gov
Haily,Portugal,8/27/1989,hportugalb4@dot.gov
April,Gatley,2/16/1974,agatleyb5@ucoz.com
Orin,Malser,11/21/1985,omalserb6@chicagotribune.com
Clementia,Baldock,5/12/1987,cbaldockb7@globo.com
Tatiana,Robatham,8/26/1942,trobathamb8@arstechnica.com
Anthea,Ilott,12/23/1988,ailottb9@icio.us
Svend,Tout,2/13/1952,stoutba@com.com
Colline,Purcell,6/18/1955,cpurcellbb@webnode.com
Gene,Dering,5/22/1993,gderingbc@cornell.edu
Thorin,O'Neary,7/11/1955,tonearybd@wired.com
Hallsy,Toffano,6/28/1981,htoffanobe@topsy.com
Hillel,Dormand,5/2/1978,hdormandbf@goo.gl
Abey,Kullmann,11/17/1970,akullmannbg@meetup.com
Stevena,Lavender,1/4/1963,slavenderbh@ca.gov
Nadiya,Woods,3/2/1945,nwoodsbi@printfriendly.com
Sybil,Gymblett,10/31/1975,sgymblettbj@telegraph.co.uk
Edita,Verson,6/30/1958,eversonbk@admin.ch
Joseph,Andell,1/26/1973,jandellbl@discovery.com
Cinnamon,Oaten,5/28/1956,coatenbm@marketwatch.com
Jobye,Crewes,1/24/1987,jcrewesbn@pen.io
Eryn,Dessaur,12/12/1982,edessaurbo@wufoo.com
Dorothea,Slimming,9/9/1950,dslimmingbp@usatoday.com
Leanna,Sargeaunt,1/10/1951,lsargeauntbq@vk.com
Magnum,Karpol,5/26/1974,mkarpolbr@cafepress.com
Tessy,Hopkins,4/13/1959,thopkinsbs@amazonaws.com
Tyne,Ponte,11/26/1974,tpontebt@opera.com
Vilhelmina,Watson,8/3/1949,vwatsonbu@cdc.gov
Odelle,Jowling,11/12/1945,ojowlingbv@lulu.com
Martie,Scalera,3/9/1990,mscalerabw@deliciousdays.com
Ahmad,MacCaughan,5/29/1990,amaccaughanbx@amazon.co.uk
Heddi,Durward,3/23/1948,hdurwardby@mac.com
Allyson,Aynscombe,1/24/1966,aaynscombebz@patch.com
Torry,Hazeup,1/13/1968,thazeupc0@hexun.com
Cordell,Warrilow,8/1/1969,cwarrilowc1@psu.edu
Chickie,Edridge,5/18/1958,cedridgec2@columbia.edu
Bryant,Izatt,10/11/1951,bizattc3@toplist.cz
Obediah,Mattevi,3/25/1980,omattevic4@businessweek.com
Efren,Denholm,6/3/1957,edenholmc5@shutterfly.com
Dominique,Brownsmith,9/11/1971,dbrownsmithc6@meetup.com
Joceline,O'Hdirscoll,3/4/1978,johdirscollc7@hostgator.com
Hildagard,Castelow,3/14/1960,hcastelowc8@fc2.com
Jo-anne,Emnoney,4/28/1994,jemnoneyc9@quantcast.com
Coretta,Sargerson,5/10/1944,csargersonca@fema.gov
Kip,Flint,2/12/1949,kflintcb@smh.com.au
Whitby,Dannel,3/7/1962,wdannelcc@mozilla.org
Chaddie,Emes,4/8/1978,cemescd@ycombinator.com
Jobie,Gives,2/24/1944,jgivesce@amazon.co.uk
Ali,Neve,9/1/1955,anevecf@ning.com
Lula,Shillinglaw,12/8/1940,lshillinglawcg@godaddy.com
Enrico,Carrol,9/25/1955,ecarrolch@google.ca
Robb,Cosser,9/28/1971,rcosserci@ebay.co.uk
Brittani,Degnen,4/1/1969,bdegnencj@dailymotion.com
Cornelle,Whitecross,1/8/1977,cwhitecrossck@opera.com
Allegra,Frankling,2/7/1957,afranklingcl@bizjournals.com
Gladys,McCrory,7/3/1944,gmccrorycm@is.gd
Pavla,Kivelle,10/7/1969,pkivellecn@bbb.org
Melloney,Scallon,11/20/1952,mscallonco@blinklist.com
Chantalle,Codd,11/14/1964,ccoddcp@fotki.com
Farrah,Napolitano,2/16/1961,fnapolitanocq@dagondesign.com
Ruddy,Etchell,4/21/1991,retchellcr@nps.gov
Consuelo,Sharpling,11/3/1965,csharplingcs@artisteer.com
Dyana,Marcus,3/22/1987,dmarcusct@foxnews.com
Paddie,Slowgrave,11/26/1984,pslowgravecu@ifeng.com
Pippy,Arlt,12/14/1989,parltcv@canalblog.com
Dewain,Farryan,6/16/1958,dfarryancw@upenn.edu
Bobbe,Jarley,3/24/1994,bjarleycx@usatoday.com
Ulberto,Slader,5/27/1988,usladercy@liveinternet.ru
Syman,Shulem,3/28/1944,sshulemcz@uol.com.br
Dukey,Dennington,4/14/1944,ddenningtond0@craigslist.org
Alexandrina,Gladtbach,12/5/1975,agladtbachd1@cdbaby.com
Terrance,Tremblay,4/28/1965,ttremblayd2@bing.com
Mallorie,Paoletti,3/20/1983,mpaolettid3@berkeley.edu
Bernelle,Drew-Clifton,10/19/1973,bdrewcliftond4@quantcast.com
Deerdre,Shortin,8/8/1962,dshortind5@topsy.com
Libbey,Brimblecomb,6/12/1953,lbrimblecombd6@arizona.edu
Lucienne,Radwell,3/14/1959,lradwelld7@wired.com
Jone,McGaugey,11/19/1957,jmcgaugeyd8@wikipedia.org
Tobe,Besset,5/8/1946,tbessetd9@jimdo.com
Giuseppe,Wakley,3/7/1990,gwakleyda@hubpages.com
Perri,Inge,2/26/1996,pingedb@prnewswire.com
Sumner,Leggon,12/7/1977,sleggondc@utexas.edu
Cliff,Search,3/31/1951,csearchdd@telegraph.co.uk
Aile,Corneck,6/15/1994,acorneckde@ask.com
Ellerey,Masurel,9/22/1965,emasureldf@java.com
Berky,Habbema,8/9/1958,bhabbemadg@jalbum.net
Cornelius,Blore,5/31/1961,cbloredh@noaa.gov
Crysta,Matuskiewicz,3/11/1972,cmatuskiewiczdi@vimeo.com
Gabriele,Cosyns,11/5/1955,gcosynsdj@scientificamerican.com
Roch,Drinkwater,4/15/1947,rdrinkwaterdk@twitpic.com
Wang,Hillen,8/31/1940,whillendl@blog.com
Tully,Massy,6/12/1975,tmassydm@meetup.com
Tyler,Lealle,4/29/1982,tlealledn@tinypic.com
Vanda,Proby,7/28/1964,vprobydo@wunderground.com
Manny,Crackel,9/26/1957,mcrackeldp@cafepress.com
Silvester,Mapp,8/16/1988,smappdq@photobucket.com
Addison,Purchon,2/27/1959,apurchondr@dailymotion.com
Jemie,Cuffin,9/16/1967,jcuffinds@nhs.uk
Aviva,Hoff,9/23/1945,ahoffdt@home.pl
Ashley,Stit,2/17/1978,astitdu@weather.com
Clementina,Rollason,11/28/1940,crollasondv@walmart.com
Kirstin,Penk,12/23/1995,kpenkdw@acquirethisname.com
Ilysa,Matthesius,4/13/1947,imatthesiusdx@mashable.com
Caye,Episcopio,2/12/1989,cepiscopiody@amazon.co.uk
Doti,Dinzey,4/9/1974,ddinzeydz@businessinsider.com
Nickola,Creser,6/26/1966,ncresere0@hc360.com
Dallis,Cotterill,1/7/1972,dcotterille1@1688.com
Auroora,Sidney,6/11/1945,asidneye2@census.gov
Timothee,Clyne,9/4/1969,tclynee3@hatena.ne.jp
Minta,Sargant,2/20/1972,msargante4@google.com.hk
Hazlett,Mattia,10/27/1967,hmattiae5@stanford.edu
Norah,Bellison,9/15/1970,nbellisone6@arizona.edu
Vin,Rumsby,12/27/1948,vrumsbye7@tinypic.com
Hildegarde,Connerly,11/9/1995,hconnerlye8@yale.edu
Sergeant,Bollin,5/22/1951,sbolline9@yale.edu
Maighdiln,Castree,9/2/1965,mcastreeea@state.tx.us
Kissie,Shwenn,9/25/1949,kshwenneb@psu.edu
Pat,Blankhorn,2/22/1980,pblankhornec@nasa.gov
Giorgia,Greguol,7/4/1954,ggreguoled@sun.com
Josey,Lumby,5/6/1954,jlumbyee@elpais.com
Giles,Lamort,5/8/1963,glamortef@ifeng.com
Gardy,Lidierth,6/13/1983,glidiertheg@amazon.com
Donnamarie,Alleburton,10/17/1988,dalleburtoneh@i2i.jp
Aeriela,Bursnell,5/12/1948,abursnellei@devhub.com
Sonny,Frensch,3/22/1987,sfrenschej@joomla.org
Ronalda,Farbrother,11/7/1964,rfarbrotherek@ted.com
Michail,Noyes,4/25/1951,mnoyesel@icq.com
Hamlin,Count,6/26/1977,hcountem@nyu.edu
Anett,Cottam,4/24/1952,acottamen@elegantthemes.com
Lezlie,Ware,8/29/1963,lwareeo@globo.com
Rois,Banister,11/12/1959,rbanisterep@google.com
Tirrell,Mac Giolla Pheadair,9/29/1964,tmacgiollapheadaireq@google.ca
Shayne,Keats,10/22/1990,skeatser@godaddy.com
Stevie,Jablonski,7/2/1965,sjablonskies@nationalgeographic.com
Cyril,Limprecht,4/5/1978,climprechtet@newsvine.com
Timothee,Critchell,12/11/1951,tcritchelleu@samsung.com
Kendrick,Rozycki,9/20/1962,krozyckiev@dedecms.com
Micaela,Baskeyfied,5/13/1963,mbaskeyfiedew@ehow.com
Ranice,Fyall,5/4/1949,rfyallex@networksolutions.com
Manolo,Stoves,12/10/1960,mstovesey@columbia.edu
Thedrick,Postans,5/22/1958,tpostansez@mashable.com
Ilysa,Pinchon,10/10/1991,ipinchonf0@indiatimes.com
Dana,Hukin,1/19/1942,dhukinf1@auda.org.au
Konstantine,Empleton,9/11/1958,kempletonf2@google.fr
Giraud,Rollin,6/14/1950,grollinf3@hp.com
Alanna,Boone,6/1/1951,aboonef4@clickbank.net
Isadora,Gilardi,9/6/1979,igilardif5@dedecms.com
Durant,Corneille,8/8/1985,dcorneillef6@drupal.org
Meggie,Bloss,1/25/1952,mblossf7@geocities.com
Doris,Hazlegrove,12/8/1992,dhazlegrovef8@cnbc.com
Storm,Stoppard,7/11/1962,sstoppardf9@usnews.com
Cyndi,Rimbault,5/20/1991,crimbaultfa@reference.com
Kenna,Louder,8/19/1968,klouderfb@privacy.gov.au
Matthew,Meigh,7/14/1980,mmeighfc@amazon.de
Bertrand,Caines,6/30/1988,bcainesfd@washingtonpost.com
Anetta,Duckett,10/8/1958,aduckettfe@example.com
Chelsea,Partlett,1/21/1947,cpartlettff@myspace.com
Standford,Flack,2/1/1972,sflackfg@census.gov
Mindy,Leathwood,2/23/1978,mleathwoodfh@wordpress.com
Mareah,Siderfin,1/20/1942,msiderfinfi@reuters.com
Maribel,Stebbings,12/5/1974,mstebbingsfj@utexas.edu
Minne,Whyke,11/24/1954,mwhykefk@shareasale.com
Dilan,Leslie,6/28/1962,dlesliefl@addtoany.com
Bernadina,Redihalgh,6/4/1986,bredihalghfm@lycos.com
Wynny,Schuchmacher,10/23/1953,wschuchmacherfn@g.co
Sal,Sharram,12/19/1946,ssharramfo@indiegogo.com
Livvyy,Haythorne,5/2/1983,lhaythornefp@usatoday.com
Gran,Yansons,1/20/1981,gyansonsfq@vimeo.com
Sloan,Dignam,6/8/1950,sdignamfr@fema.gov
Aldus,Shobbrook,2/16/1968,ashobbrookfs@cornell.edu
Rolland,Blachford,2/5/1991,rblachfordft@rakuten.co.jp
Wang,Rocks,5/3/1973,wrocksfu@myspace.com
Randene,Ferronet,1/6/1941,rferronetfv@twitter.com
Briana,Snoden,1/31/1941,bsnodenfw@yellowpages.com
Novelia,Cobbledick,5/4/1988,ncobbledickfx@earthlink.net
Temp,Leyshon,7/13/1989,tleyshonfy@hhs.gov
Antonino,Ridgewell,6/10/1981,aridgewellfz@indiatimes.com
Lev,Ilsley,8/21/1949,lilsleyg0@yelp.com
Coralie,Jarrad,2/20/1989,cjarradg1@wired.com
Katerina,Dauney,6/5/1964,kdauneyg2@creativecommons.org
Flora,Rookwell,10/5/1993,frookwellg3@princeton.edu
Pamela,Barnish,7/18/1977,pbarnishg4@senate.gov
Kaspar,Bauldry,10/6/1984,kbauldryg5@google.com
Andris,Bellfield,8/5/1961,abellfieldg6@theglobeandmail.com
Pete,Riseley,7/30/1941,priseleyg7@istockphoto.com
Evin,Cramp,12/13/1976,ecrampg8@statcounter.com
Adriano,Flott,8/21/1970,aflottg9@e-recht24.de
Salaidh,Largan,8/20/1966,slarganga@vk.com
Bebe,Shelmardine,6/5/1961,bshelmardinegb@barnesandnoble.com
Brendin,Cereceres,12/8/1963,bcereceresgc@nytimes.com
Ancell,Peyzer,2/17/1973,apeyzergd@hugedomains.com
Sissy,Eilers,6/2/1954,seilersge@uiuc.edu
Bailie,Kitcher,2/24/1953,bkitchergf@sitemeter.com
Alley,Thunnercliff,11/27/1942,athunnercliffgg@nature.com
Spence,Rubbens,6/22/1989,srubbensgh@youku.com
Irvin,Pasmore,2/11/1978,ipasmoregi@merriam-webster.com
Ennis,Fountian,5/3/1972,efountiangj@nymag.com
Ingamar,McKeown,6/15/1987,imckeowngk@marriott.com
Georgia,Dommersen,8/15/1991,gdommersengl@cisco.com
Marlie,Cull,1/22/1946,mcullgm@g.co
Benni,Mulqueen,1/30/1971,bmulqueengn@mail.ru
Pete,Jobling,11/30/1980,pjoblinggo@csmonitor.com
Margit,Jameson,8/2/1965,mjamesongp@elegantthemes.com
Dennison,Goodspeed,12/8/1989,dgoodspeedgq@hexun.com
Tiler,Lough,1/4/1991,tloughgr@networksolutions.com
Gail,Cottisford,4/9/1956,gcottisfordgs@devhub.com
Eli,Tribell,1/17/1992,etribellgt@theglobeandmail.com
Findley,Antonomolii,5/19/1972,fantonomoliigu@blogs.com
Missy,Pyecroft,3/3/1983,mpyecroftgv@princeton.edu
Selena,Kristoffersen,2/27/1991,skristoffersengw@amazon.com
Katee,Alesi,12/16/1989,kalesigx@t.co
Shaylyn,Leward,12/31/1950,slewardgy@cbslocal.com
Felizio,Whordley,10/27/1973,fwhordleygz@fastcompany.com
Pascale,Clitherow,9/17/1957,pclitherowh0@fema.gov
Shay,Perocci,7/19/1961,speroccih1@icio.us
Gabriella,Queyos,12/27/1987,gqueyosh2@histats.com
Luciana,O' Dornan,8/3/1980,lodornanh3@sun.com
Vidovic,Horsell,10/19/1945,vhorsellh4@alexa.com
Dudley,Sketch,2/6/1957,dsketchh5@accuweather.com
Jenelle,Leggatt,10/30/1940,jleggatth6@jimdo.com
Holly,Readshall,4/25/1959,hreadshallh7@washingtonpost.com
Eliza,Bridgeland,3/28/1994,ebridgelandh8@mashable.com
Giselbert,MacNish,9/23/1966,gmacnishh9@usnews.com
Miquela,Le-Good,2/20/1962,mlegoodha@reuters.com
Haywood,Jenkinson,11/11/1955,hjenkinsonhb@theguardian.com
Rivi,Witton,9/8/1975,rwittonhc@reuters.com
Libby,Rosi,4/17/1979,lrosihd@state.gov
Helena,Scrimgeour,10/28/1984,hscrimgeourhe@tamu.edu
Celinka,Stancer,7/11/1956,cstancerhf@youtube.com
Atlanta,Redhead,4/27/1968,aredheadhg@webnode.com
Olympe,Streader,3/14/1946,ostreaderhh@geocities.jp
Slade,Kupec,7/14/1989,skupechi@t-online.de
Georgy,Sleeford,11/7/1982,gsleefordhj@last.fm
Delaney,Steels,8/3/1947,dsteelshk@blogtalkradio.com
Ignaz,Don,3/28/1957,idonhl@drupal.org
Lorrie,Mahaffey,2/25/1988,lmahaffeyhm@amazon.com
Elga,Boardman,2/14/1954,eboardmanhn@samsung.com
Claire,Furmagier,12/18/1971,cfurmagierho@tmall.com
Sadie,Tregidgo,1/5/1976,stregidgohp@cnet.com
Bastien,Adlam,3/9/1950,badlamhq@creativecommons.org
Nat,Audas,1/10/1961,naudashr@exblog.jp
Kara-lynn,Loody,12/4/1946,kloodyhs@shareasale.com
Eugene,ducarme,4/28/1995,educarmeht@ow.ly
Herb,Signe,12/1/1995,hsignehu@oaic.gov.au
Idalia,Birdwhistle,4/12/1940,ibirdwhistlehv@clickbank.net
Selinda,Wealleans,1/16/1995,swealleanshw@1und1.de
Shae,Jozaitis,11/10/1965,sjozaitishx@archive.org
Dido,Clarridge,9/13/1948,dclarridgehy@patch.com
Susi,Clacey,3/20/1988,sclaceyhz@amazon.co.jp
Lucienne,Kirtlan,10/28/1940,lkirtlani0@stumbleupon.com
Almire,Arkill,8/7/1979,aarkilli1@google.de
Alicia,MacCarroll,6/2/1965,amaccarrolli2@aol.com
Billy,Batchelor,8/18/1945,bbatchelori3@ustream.tv
Kathie,Giffin,4/15/1994,kgiffini4@blogspot.com
Rutherford,Duffan,8/12/1960,rduffani5@networksolutions.com
Cherie,Adess,6/14/1982,cadessi6@nifty.com
Trey,Iacoviello,3/21/1967,tiacovielloi7@huffingtonpost.com
Lammond,Andrusyak,8/11/1947,landrusyaki8@ustream.tv
Thain,Gendrich,11/9/1943,tgendrichi9@wordpress.org
Trevar,Treadgear,3/4/1964,ttreadgearia@un.org
Darci,Jamrowicz,6/10/1981,djamrowiczib@live.com
Brok,Becconsall,11/15/1985,bbecconsallic@xrea.com
Saw,Braunton,11/28/1955,sbrauntonid@phoca.cz
Missy,Andreasen,11/6/1986,mandreasenie@howstuffworks.com
Dyan,Cuttles,8/20/1969,dcuttlesif@unesco.org
Cletus,Pease,4/16/1962,cpeaseig@ucoz.com
Anny,O'Hanlon,7/29/1973,aohanlonih@shutterfly.com
Sax,Antoniades,4/22/1981,santoniadesii@bbb.org
Johann,Normanvell,5/19/1946,jnormanvellij@senate.gov
Julian,Truse,11/3/1958,jtruseik@google.com.br
Curr,Turley,9/3/1947,cturleyil@seattletimes.com
Sherie,Horsburgh,3/18/1951,shorsburghim@naver.com
Bert,Casewell,9/16/1956,bcasewellin@sphinn.com
Galvan,Yeardley,7/31/1961,gyeardleyio@ted.com
Frank,Colbourne,9/20/1950,fcolbourneip@oaic.gov.au
North,Stoile,2/26/1954,nstoileiq@pcworld.com
Tremain,Alston,10/16/1957,talstonir@github.io
Phebe,Antao,9/21/1955,pantaois@wikispaces.com
Karoline,Ferguson,1/20/1979,kfergusonit@reddit.com
Even,Inett,12/27/1951,einettiu@theguardian.com
Nicol,Ickovits,3/4/1967,nickovitsiv@amazon.de
Willow,Kimbrey,10/3/1957,wkimbreyiw@uiuc.edu
Alana,Dougliss,7/2/1965,adouglissix@furl.net
Jada,Massenhove,8/16/1985,jmassenhoveiy@auda.org.au
Garwin,Palombi,2/28/1960,gpalombiiz@addtoany.com
Barnard,Beetles,6/30/1947,bbeetlesj0@qq.com
Yule,Beyne,10/25/1943,ybeynej1@umich.edu
Yorgos,Semeradova,9/23/1976,ysemeradovaj2@pinterest.com
Doralia,Kilty,11/17/1981,dkiltyj3@pinterest.com
Nike,Ashford,2/27/1971,nashfordj4@aol.com
Elmira,Bernaldez,3/31/1961,ebernaldezj5@sfgate.com
Deane,Forsbey,9/30/1950,dforsbeyj6@yolasite.com
Meghann,Walling,4/15/1985,mwallingj7@engadget.com
Andriette,Kennaway,1/16/1953,akennawayj8@hugedomains.com
Wynny,Ingleton,11/1/1976,wingletonj9@businessinsider.com
Woodie,McKeefry,3/29/1974,wmckeefryja@ezinearticles.com
Sheila,Writtle,4/3/1955,swrittlejb@seesaa.net
Ludovika,Prewett,4/22/1980,lprewettjc@canalblog.com
Gwendolyn,Starie,6/21/1963,gstariejd@icio.us
Lin,Tremblet,10/19/1973,ltrembletje@disqus.com
Britta,Hinckes,12/11/1970,bhinckesjf@instagram.com
Blanche,Shobbrook,12/2/1958,bshobbrookjg@dedecms.com
Sydney,Woodall,9/9/1979,swoodalljh@apple.com
Frank,Friel,2/28/1992,ffrielji@t-online.de
Rickie,Duinbleton,12/28/1941,rduinbletonjj@epa.gov
Bartie,De Dantesie,7/15/1990,bdedantesiejk@wunderground.com
Lemmy,Lissenden,5/15/1993,llissendenjl@google.es
Nadeen,Dumpleton,7/19/1986,ndumpletonjm@loc.gov
Waite,Okenden,2/15/1961,wokendenjn@chron.com
Nicolea,Josefsson,9/11/1943,njosefssonjo@yale.edu
Mandi,Gorini,7/9/1940,mgorinijp@ycombinator.com
Marji,Britch,10/21/1987,mbritchjq@fema.gov
Richardo,Upson,2/6/1964,rupsonjr@narod.ru
Dur,Gard,10/22/1967,dgardjs@freewebs.com
Burke,Parratt,8/24/1959,bparrattjt@home.pl
Petra,Critch,1/1/1961,pcritchju@hao123.com
Udell,Trewman,5/23/1961,utrewmanjv@alexa.com
Kellie,Mityukov,9/24/1955,kmityukovjw@oakley.com
Katrinka,Sawood,11/17/1949,ksawoodjx@ucla.edu
Mitchel,Duffil,9/29/1956,mduffiljy@wikipedia.org
Waring,Rembaud,6/18/1943,wrembaudjz@businesswire.com
Reggis,Dabling,1/22/1951,rdablingk0@seattletimes.com
Brig,Zoppo,9/3/1942,bzoppok1@boston.com
Myrle,Morgon,6/26/1980,mmorgonk2@narod.ru
Harp,Ballance,12/18/1984,hballancek3@ezinearticles.com
Marcellus,Bastide,2/21/1977,mbastidek4@wp.com
Ertha,Caudwell,4/14/1940,ecaudwellk5@cafepress.com
Karolina,McGreal,12/2/1995,kmcgrealk6@miibeian.gov.cn
Karlen,Sime,8/7/1957,ksimek7@domainmarket.com
Addie,Corzor,6/6/1968,acorzork8@msu.edu
Karlik,Cleyburn,9/1/1975,kcleyburnk9@timesonline.co.uk
Laureen,Garrold,1/3/1986,lgarroldka@paginegialle.it
Man,Smeeton,8/10/1940,msmeetonkb@tamu.edu
Rois,Frail,3/14/1962,rfrailkc@ucla.edu
Alix,Rahill,4/18/1984,arahillkd@engadget.com
Moise,Hargey,4/7/1944,mhargeyke@umich.edu
Nadeen,Gauntlett,9/11/1960,ngauntlettkf@paginegialle.it
George,Vouls,5/20/1989,gvoulskg@is.gd
Inessa,Cuttle,7/11/1964,icuttlekh@over-blog.com
Jonah,Doul,8/29/1955,jdoulki@tinypic.com
Florina,Heathfield,7/18/1945,fheathfieldkj@tinypic.com
Issiah,Drinkhill,3/31/1995,idrinkhillkk@comcast.net
Ardelia,Anwyl,7/12/1955,aanwylkl@blinklist.com
Shelton,Astie,9/4/1971,sastiekm@macromedia.com
Emlynne,Gian,7/28/1955,egiankn@unblog.fr
Joelly,Baston,4/16/1963,jbastonko@pagesperso-orange.fr
Pansy,Edginton,4/27/1956,pedgintonkp@1688.com
Adora,Faithorn,2/6/1981,afaithornkq@ox.ac.uk
Kerrin,Hanburry,6/12/1986,khanburrykr@last.fm
Goldi,Myhan,8/21/1981,gmyhanks@nature.com
Penny,Maddrah,10/11/1990,pmaddrahkt@yahoo.co.jp
Raphaela,Perfect,6/9/1945,rperfectku@sina.com.cn
Harry,Le Moucheux,1/4/1986,hlemoucheuxkv@free.fr
Smith,Keenlayside,1/9/1980,skeenlaysidekw@cbsnews.com
Ricky,Twohig,10/4/1992,rtwohigkx@sina.com.cn
Kerrie,Thebe,1/22/1981,kthebeky@addthis.com
Imogen,Ayres,11/12/1990,iayreskz@businessinsider.com
Janessa,Cammiemile,6/30/1990,jcammiemilel0@jalbum.net
Tedra,McPaik,6/25/1993,tmcpaikl1@statcounter.com
Heinrick,Edgcumbe,4/28/1961,hedgcumbel2@wikipedia.org
Ahmad,Simounet,11/6/1958,asimounetl3@google.com
Maggie,Durnall,9/13/1983,mdurnalll4@tumblr.com
Patricia,Rafter,12/4/1955,prafterl5@google.pl
Codee,Tongue,11/10/1975,ctonguel6@so-net.ne.jp
Clemence,Orcas,1/15/1950,corcasl7@digg.com
Giselle,Makeswell,3/5/1947,gmakeswelll8@unblog.fr
Jeanna,Le Pruvost,12/5/1949,jlepruvostl9@sbwire.com
Michel,Castenda,12/5/1955,mcastendala@irs.gov
Adlai,Dowbekin,9/20/1965,adowbekinlb@blinklist.com
Demeter,Krauss,5/29/1971,dkrausslc@admin.ch
Sophia,Danielsen,4/1/1993,sdanielsenld@earthlink.net
Carina,Shuttell,4/19/1965,cshuttellle@amazonaws.com
Lilith,Danilovic,10/11/1983,ldaniloviclf@mayoclinic.com
Evvie,Finnie,9/15/1950,efinnielg@cyberchimps.com
Alexis,MacNess,11/15/1973,amacnesslh@bizjournals.com
Horatio,Solley,4/28/1982,hsolleyli@xrea.com
Hewitt,Yeardsley,8/14/1971,hyeardsleylj@digg.com
Ealasaid,Kolyagin,11/18/1995,ekolyaginlk@nps.gov
Lotta,Gonzales,2/28/1944,lgonzalesll@tripod.com
Nate,Viant,3/28/1993,nviantlm@xinhuanet.com
Mendel,Lindley,1/18/1986,mlindleyln@mail.ru
Thia,Picford,12/9/1995,tpicfordlo@sitemeter.com
Hulda,Dreschler,4/19/1948,hdreschlerlp@canalblog.com
Wang,Esley,6/2/1992,wesleylq@elegantthemes.com
Emmery,Gearing,6/10/1942,egearinglr@dagondesign.com
Idell,Mewes,7/7/1992,imewesls@hugedomains.com
Thayne,Dreger,12/7/1958,tdregerlt@bing.com
Kelsey,Jenicke,11/21/1987,kjenickelu@sphinn.com
Verney,Hancorn,11/7/1968,vhancornlv@instagram.com
Hill,Mitchley,3/25/1980,hmitchleylw@cnbc.com
Noak,MacGruer,10/8/1949,nmacgruerlx@jimdo.com
Tracey,Kuhnwald,4/15/1966,tkuhnwaldly@bloglines.com
Hiram,Upjohn,11/28/1971,hupjohnlz@sphinn.com
Ford,Yaneev,1/25/1983,fyaneevm0@360.cn
Wilie,Ianilli,11/29/1991,wianillim1@house.gov
Den,Buckerfield,6/14/1958,dbuckerfieldm2@pagesperso-orange.fr
Benito,Juza,11/27/1967,bjuzam3@cocolog-nifty.com
Rita,Coveny,10/13/1953,rcovenym4@google.co.uk
Nicolais,Riccelli,11/2/1952,nriccellim5@constantcontact.com
Orella,Union,4/21/1947,ounionm6@cdbaby.com
Hobart,Ash,5/1/1975,hashm7@dedecms.com
Mikel,Downes,11/25/1993,mdownesm8@moonfruit.com
Linc,Abrahart,10/25/1947,labrahartm9@google.com.br
Dorella,Tinsley,12/25/1991,dtinsleyma@posterous.com
Roarke,Marcoolyn,10/14/1995,rmarcoolynmb@comcast.net
Bertina,Yakunkin,1/17/1979,byakunkinmc@blogspot.com
Jessamine,Lewsie,12/28/1970,jlewsiemd@elegantthemes.com
Carleton,Coghill,2/7/1994,ccoghillme@webs.com
Gwenneth,Gregori,11/29/1953,ggregorimf@istockphoto.com
Stephannie,Nairy,9/23/1949,snairymg@sohu.com
Elmira,Tuberfield,10/9/1954,etuberfieldmh@smugmug.com
Clive,Wilds,10/30/1984,cwildsmi@naver.com
Hilarius,Rothschild,7/30/1983,hrothschildmj@usda.gov
Nat,McNaught,6/26/1985,nmcnaughtmk@squidoo.com
Izak,Volonte,5/15/1951,ivolonteml@rambler.ru
Corrine,Gammage,8/30/1964,cgammagemm@youtube.com
Mayor,Balffye,12/27/1950,mbalffyemn@barnesandnoble.com
Tracie,Whild,8/7/1971,twhildmo@stumbleupon.com
Freddy,Vinson,4/4/1979,fvinsonmp@sina.com.cn
Van,Baldacchino,2/29/1972,vbaldacchinomq@zdnet.com
Matelda,Furley,7/12/1965,mfurleymr@tripadvisor.com
Millie,Peacocke,1/16/1996,mpeacockems@people.com.cn
Carver,Mitkov,6/5/1956,cmitkovmt@goo.ne.jp
Waite,Simoni,8/16/1991,wsimonimu@nyu.edu
Jeremy,Inkpin,4/22/1992,jinkpinmv@de.vu
Ara,Prebble,10/11/1988,aprebblemw@dailymotion.com
Aldin,Bearward,6/6/1989,abearwardmx@ed.gov
Roxie,Moughtin,12/17/1983,rmoughtinmy@google.de
Dean,Thoresby,5/5/1971,dthoresbymz@biglobe.ne.jp
Marv,Battany,5/5/1962,mbattanyn0@cbslocal.com
Fredra,Valder,2/23/1980,fvaldern1@github.io
Jaimie,Blankenship,6/4/1944,jblankenshipn2@people.com.cn
Katie,Keri,2/20/1988,kkerin3@webmd.com
Tedmund,Segrott,9/23/1958,tsegrottn4@ihg.com
Felicio,Stancer,10/21/1994,fstancern5@altervista.org
Sherri,Flather,10/10/1989,sflathern6@ucoz.ru
Marline,Camidge,10/17/1982,mcamidgen7@nba.com
Ivar,Dunsmuir,7/1/1972,idunsmuirn8@virginia.edu
Drona,Moyle,5/13/1961,dmoylen9@narod.ru
Paxton,Denyakin,7/2/1955,pdenyakinna@wired.com
Spenser,Gatiss,7/11/1962,sgatissnb@craigslist.org
Giacobo,Addionisio,11/1/1989,gaddionisionc@discuz.net
Cale,Rouchy,9/22/1943,crouchynd@si.edu
Skip,Threadgold,9/26/1942,sthreadgoldne@wp.com
Leslie,Moffet,7/26/1993,lmoffetnf@state.gov
Onfroi,Petyanin,2/4/1956,opetyaninng@senate.gov
Early,Easton,10/30/1993,eeastonnh@t-online.de
Elaine,Courtney,8/11/1983,ecourtneyni@addthis.com
Raynor,Jutson,1/30/1968,rjutsonnj@networkadvertising.org
Stearn,Grzeszczak,4/7/1980,sgrzeszczaknk@simplemachines.org
Harlie,Wivell,12/29/1947,hwivellnl@gov.uk
Tucker,Worvell,8/1/1962,tworvellnm@webnode.com
Julissa,Paolillo,10/26/1950,jpaolillonn@ameblo.jp
Vyky,Sizey,9/15/1984,vsizeyno@reverbnation.com
Alec,Danit,3/15/1956,adanitnp@sciencedirect.com
Louie,Hawthorne,10/16/1991,lhawthornenq@deviantart.com
Minna,Elstob,4/10/1976,melstobnr@eventbrite.com
Danny,Kynvin,5/8/1940,dkynvinns@un.org
Lira,Arthur,1/2/1985,larthurnt@pbs.org
Eudora,Greenhalf,4/23/1973,egreenhalfnu@studiopress.com
Wynn,Veque,12/5/1992,wvequenv@rakuten.co.jp
Ruddie,Curm,9/2/1965,rcurmnw@tinyurl.com
Rodolphe,Ribbon,1/19/1944,rribbonnx@shutterfly.com
Cecily,Dominichetti,7/16/1962,cdominichettiny@themeforest.net
Vaclav,Girhard,4/12/1977,vgirhardnz@netvibes.com
Rodrigo,De Laspee,11/10/1970,rdelaspeeo0@quantcast.com
Clem,Gors,10/31/1982,cgorso1@cnn.com
Starlene,Haggerstone,10/6/1986,shaggerstoneo2@histats.com
Sherill,Beggio,12/27/1961,sbeggioo3@google.cn
Mary,Ritelli,1/23/1976,mritellio4@jugem.jp
Mufi,Barnbrook,4/26/1950,mbarnbrooko5@histats.com
Mason,Vance,4/26/1979,mvanceo6@tinypic.com
Fax,Billingham,11/13/1953,fbillinghamo7@wikimedia.org
Bendicty,Harsnipe,2/10/1969,bharsnipeo8@economist.com
Alta,Sworder,4/30/1952,aswordero9@house.gov
Lucina,Dugue,4/2/1941,ldugueoa@prnewswire.com
Nicki,Romain,10/23/1967,nromainob@github.com
Othelia,Challicum,1/4/1975,ochallicumoc@hugedomains.com
Jasmine,Guppie,1/21/1968,jguppieod@reuters.com
Maurice,Ledger,7/25/1940,mledgeroe@youtu.be
Cassie,Libby,5/16/1950,clibbyof@epa.gov
Fan,Scotney,8/9/1944,fscotneyog@bbb.org
Nobie,Gauchier,7/20/1959,ngauchieroh@sourceforge.net
Quillan,Lindley,7/12/1952,qlindleyoi@ask.com
Burton,Extance,2/22/1978,bextanceoj@vinaora.com
Louella,Yearsley,3/25/1984,lyearsleyok@weibo.com
Edgardo,Enrrico,4/13/1973,eenrricool@sbwire.com
Oswell,Grellier,6/9/1944,ogrellierom@elpais.com
Lesly,Miall,4/28/1978,lmiallon@hexun.com
Keefer,Brewster,8/5/1984,kbrewsteroo@stanford.edu
Aristotle,Dobbyn,6/7/1940,adobbynop@sogou.com
Rosella,Oloman,5/25/1955,rolomanoq@tuttocitta.it
Rickie,Roffe,11/25/1953,rroffeor@adobe.com
Stephenie,Dusting,2/19/1962,sdustingos@comsenz.com
Florette,Wadworth,8/1/1963,fwadworthot@csmonitor.com
Phyllis,De Giorgis,8/30/1991,pdegiorgisou@nhs.uk
Eddi,MacBarron,3/13/1959,emacbarronov@narod.ru
Fitzgerald,Benesevich,9/4/1966,fbenesevichow@macromedia.com
Trina,Sauvage,5/6/1966,tsauvageox@netvibes.com
Pierre,Dealey,2/14/1967,pdealeyoy@nature.com
Cloris,Behning,7/4/1969,cbehningoz@symantec.com
Herbie,Stangroom,1/31/1985,hstangroomp0@sciencedirect.com
Orville,Chadd,4/24/1950,ochaddp1@unesco.org
Nolana,Emer,12/17/1955,nemerp2@unesco.org
Berk,Salmon,8/25/1976,bsalmonp3@sfgate.com
Asia,Songist,1/4/1952,asongistp4@washingtonpost.com
Kent,Dymick,6/16/1985,kdymickp5@multiply.com
Debi,Dulwich,1/25/1963,ddulwichp6@theglobeandmail.com
Cammie,Petschel,5/8/1984,cpetschelp7@ted.com
Oona,Vurley,10/13/1942,ovurleyp8@ebay.co.uk
Sandi,Ticehurst,6/29/1978,sticehurstp9@amazon.com
Farica,Gockelen,2/9/1963,fgockelenpa@tuttocitta.it
Arri,Sends,4/28/1957,asendspb@engadget.com
Damara,Castillon,5/21/1985,dcastillonpc@github.com
Jimmie,Reaveley,2/4/1971,jreaveleypd@indiegogo.com
Flint,Titta,11/29/1982,ftittape@cafepress.com
Hakim,Ribou,2/11/1984,hriboupf@1und1.de
Kurtis,Kewzick,12/21/1983,kkewzickpg@tamu.edu
Kleon,Luetkemeyers,6/13/1970,kluetkemeyersph@upenn.edu
Luciana,Ranald,2/16/1980,lranaldpi@biblegateway.com
Lin,Baert,9/2/1943,lbaertpj@linkedin.com
Dolly,Forster,10/30/1993,dforsterpk@google.es
Theo,Gwatkin,10/5/1963,tgwatkinpl@jalbum.net
Jaymie,Antognazzi,7/27/1958,jantognazzipm@icq.com
Berky,Rubinsohn,7/10/1953,brubinsohnpn@oracle.com
Jamie,Lodwig,5/23/1973,jlodwigpo@sciencedaily.com
Rickie,Kluge,4/4/1982,rklugepp@umn.edu
Keely,Rountree,3/14/1991,krountreepq@google.com.br
Richmond,Dumberell,11/1/1975,rdumberellpr@homestead.com
Lorie,Severwright,12/4/1983,lseverwrightps@desdev.cn
Valida,Cakes,2/5/1969,vcakespt@opera.com
Sarajane,O'Hagan,1/31/1983,sohaganpu@wordpress.org
Charmian,Piniur,3/6/1953,cpiniurpv@mlb.com
Igor,Staples,8/21/1960,istaplespw@reference.com
Annabell,Broz,6/17/1977,abrozpx@psu.edu
Happy,Bindin,8/10/1966,hbindinpy@harvard.edu
Briney,Sandland,6/27/1992,bsandlandpz@reddit.com
Stephie,Diack,7/1/1974,sdiackq0@dagondesign.com
Jobie,Macauley,12/28/1970,jmacauleyq1@mysql.com
Gelya,Antoniottii,1/2/1993,gantoniottiiq2@skype.com
Cullan,Duffield,11/14/1960,cduffieldq3@illinois.edu
Fitzgerald,Schulter,6/24/1952,fschulterq4@sfgate.com
Davide,Verick,2/27/1969,dverickq5@engadget.com
Felice,Karoly,5/3/1985,fkarolyq6@imgur.com
Moina,Blinkhorn,1/3/1981,mblinkhornq7@oakley.com
Cristobal,Braams,1/6/1996,cbraamsq8@blog.com
Sophia,Cunnah,2/28/1943,scunnahq9@usa.gov
Ddene,Syphus,7/14/1972,dsyphusqa@ox.ac.uk
Burlie,Fraulo,4/16/1948,bfrauloqb@ox.ac.uk
Marion,Loveless,8/30/1965,mlovelessqc@is.gd
Wendie,Paskerful,2/10/1980,wpaskerfulqd@icio.us
Israel,Fruser,12/13/1976,ifruserqe@w3.org
Padraig,Flaverty,9/4/1986,pflavertyqf@uiuc.edu
Edi,Pakeman,6/5/1978,epakemanqg@princeton.edu
Clemence,Michurin,9/26/1941,cmichurinqh@multiply.com
Helen,Sobczak,8/17/1988,hsobczakqi@state.tx.us
Laurel,Fawlks,8/28/1987,lfawlksqj@youku.com
Jenilee,Hurdidge,4/26/1987,jhurdidgeqk@canalblog.com
Odilia,Caswell,3/6/1981,ocaswellql@ca.gov
Cleve,Winch,9/6/1968,cwinchqm@ifeng.com
Vickie,Entwistle,8/7/1960,ventwistleqn@woothemes.com
Flint,Burke,6/29/1944,fburkeqo@ed.gov
Lauraine,Almon,3/2/1982,lalmonqp@ocn.ne.jp
Codie,Langstrath,7/5/1969,clangstrathqq@marketwatch.com
Sigismund,Leger,11/21/1994,slegerqr@cpanel.net
Roxane,Keuneke,9/18/1981,rkeunekeqs@hexun.com
Davis,Strainge,7/29/1955,dstraingeqt@edublogs.org
Jan,Pistol,4/22/1987,jpistolqu@fc2.com
Lethia,Egdale,6/3/1974,legdaleqv@imdb.com
Ephrem,Costy,6/28/1963,ecostyqw@umich.edu
Flo,Groucock,11/23/1972,fgroucockqx@cam.ac.uk
Lane,Seabourne,5/30/1986,lseabourneqy@army.mil
Wilhelm,Boutton,3/16/1958,wbouttonqz@twitpic.com
Adelice,Branchett,10/21/1980,abranchettr0@opera.com
Olin,Fraanchyonok,11/25/1971,ofraanchyonokr1@tinyurl.com
Sheelah,Chamley,9/14/1954,schamleyr2@tuttocitta.it
Cora,Gyde,3/27/1957,cgyder3@nydailynews.com
Wilmer,Stringman,2/21/1974,wstringmanr4@g.co
Madel,Sonley,2/16/1951,msonleyr5@pen.io
Dorice,Searsby,3/10/1988,dsearsbyr6@com.com
Malvin,Werner,3/17/1972,mwernerr7@springer.com
Coral,Ottley,6/8/1957,cottleyr8@g.co
Madelle,Fruin,12/23/1951,mfruinr9@jalbum.net
Timmie,Linguard,6/3/1946,tlinguardra@state.gov
Eimile,Balbeck,6/5/1993,ebalbeckrb@oaic.gov.au
Zachery,Qusklay,8/22/1953,zqusklayrc@miitbeian.gov.cn
Ring,Cordero,3/13/1950,rcorderord@slideshare.net
Corrinne,Newbery,8/2/1963,cnewberyre@lycos.com
Cindy,Treppas,10/20/1968,ctreppasrf@deliciousdays.com
Dael,Raulston,1/13/1996,draulstonrg@sourceforge.net
Bondon,Leteurtre,3/5/1953,bleteurtrerh@jigsy.com
Rosalinda,Costall,2/12/1951,rcostallri@patch.com
Corrine,Lenz,4/3/1984,clenzrj@newsvine.com
Leigha,Sisson,2/26/1983,lsissonrk@naver.com
Shepperd,Edmed,12/22/1947,sedmedrl@businesswire.com
Arlen,Rudman,3/3/1965,arudmanrm@mtv.com
Teirtza,Copping,5/9/1971,tcoppingrn@si.edu
Clayton,Volante,3/17/1951,cvolantero@baidu.com
Suzanna,Hanhard,2/1/1977,shanhardrp@pcworld.com
Beverlie,Dimitrescu,6/15/1992,bdimitrescurq@mashable.com
Nonie,Eldrid,4/16/1954,neldridrr@youtube.com
