first_name,last_name,birth,email
Coralyn,Missenden,7/19/1976,cmissenden0@salon.com
Emmet,Carvil,6/22/1950,ecarvil1@woothemes.com
Bruce,Thoumas,12/14/1942,bthoumas2@people.com.cn
Jared,Choffin,12/25/1961,jchoffin3@guardian.co.uk
Flin,Perrin,12/6/1992,fperrin4@netlog.com
Lyda,Tollerfield,6/8/1969,ltollerfield5@ebay.co.uk
Isacco,Meo,5/3/1942,imeo6@goo.ne.jp
Mozes,Iltchev,1/26/1995,miltchev7@privacy.gov.au
Stirling,Yardy,7/23/1968,syardy8@weebly.com
Hale,Gosson,6/12/1956,hgosson9@mtv.com
Jemimah,Viggers,11/26/1946,jviggersa@bbc.co.uk
Veronika,Quince,6/21/1957,vquinceb@bandcamp.com
Tedda,Gobell,4/27/1989,tgobellc@youku.com
Seline,Beadon,1/12/1980,sbeadond@csmonitor.com
Nigel,Carbry,10/23/1964,ncarbrye@paginegialle.it
Shawnee,Cheak,9/8/1972,scheakf@shinystat.com
Davy,Elster,7/9/1989,delsterg@nsw.gov.au
Margret,Odde,10/12/1992,moddeh@fema.gov
Cyndi,Aubert,2/22/1965,cauberti@nsw.gov.au
Lotte,Choldcroft,4/3/1945,lcholdcroftj@angelfire.com
Wilmer,Woollends,2/19/1995,wwoollendsk@sciencedaily.com
Sinclair,Oehm,4/6/1970,soehml@domainmarket.com
Jen,Dowson,6/6/1948,jdowsonm@usgs.gov
Flore,Christer,3/28/1993,fchristern@businessinsider.com
Jerald,Philip,1/20/1963,jphilipo@xrea.com
Ronny,Hallin,5/15/1981,rhallinp@bloomberg.com
Marijn,Drabble,10/29/1951,mdrabbleq@pinterest.com
Tulley,Valiant,10/1/1952,tvaliantr@mit.edu
Johanna,Macrae,9/16/1989,jmacraes@java.com
Dianna,de Savery,4/9/1994,ddesaveryt@behance.net
Barrie,Elijahu,6/22/1990,belijahuu@yellowpages.com
Helenka,Jahn,11/24/1966,hjahnv@canalblog.com
Dominic,Broszkiewicz,10/24/1991,dbroszkiewiczw@cdc.gov
Alberik,Helin,10/7/1960,ahelinx@discuz.net
Pollyanna,Giocannoni,8/6/1995,pgiocannoniy@hao123.com
Shelley,Camerati,2/15/1974,scameratiz@printfriendly.com
Paula,Witherbed,6/12/1941,pwitherbed10@telegraph.co.uk
Karena,Munkley,8/17/1953,kmunkley11@pagesperso-orange.fr
Russ,Torrans,2/28/1947,rtorrans12@flickr.com
Aldrich,Mellem,6/17/1964,amellem13@yolasite.com
Hartley,Moncrefe,10/18/1994,hmoncrefe14@privacy.gov.au
Deena,Eaken,9/29/1945,deaken15@sohu.com
Giacobo,Selliman,3/31/1942,gselliman16@oakley.com
Fremont,Libri,8/24/1991,flibri17@unblog.fr
Hedvige,Darridon,4/15/1952,hdarridon18@techcrunch.com
Herrick,Shire,3/22/1994,hshire19@pinterest.com
Von,Grellis,5/8/1984,vgrellis1a@netlog.com
Gerrilee,Serrell,10/20/1986,gserrell1b@free.fr
Madel,Sage,10/5/1965,msage1c@vimeo.com
Berry,Cartmel,2/8/1951,bcartmel1d@wufoo.com
Vonni,Heatley,12/22/1973,vheatley1e@tmall.com
Daryn,Kubik,3/16/1946,dkubik1f@reuters.com
Rosella,Phinnis,6/5/1992,rphinnis1g@geocities.com
Chadwick,Schermick,1/10/1983,cschermick1h@purevolume.com
Toiboid,Fernyhough,12/14/1940,tfernyhough1i@webmd.com
Arlana,Acreman,4/2/1943,aacreman1j@answers.com
Iormina,Burel,6/21/1951,iburel1k@addtoany.com
Robby,Geerdts,6/14/1960,rgeerdts1l@phpbb.com
Griffith,Bligh,3/7/1972,gbligh1m@printfriendly.com
Krishnah,Jozwiak,8/6/1945,kjozwiak1n@altervista.org
Jeremiah,Burbudge,3/29/1965,jburbudge1o@opensource.org
Camila,Billany,8/10/1966,cbillany1p@archive.org
Ginni,Innes,2/17/1983,ginnes1q@who.int
Nola,Kienl,8/13/1988,nkienl1r@hc360.com
Worth,Alekseev,11/20/1993,walekseev1s@lycos.com
Padraig,Trytsman,7/20/1952,ptrytsman1t@privacy.gov.au
Danice,Brunke,6/20/1958,dbrunke1u@yandex.ru
Boigie,Ronaldson,10/10/1972,bronaldson1v@squidoo.com
Byran,Worge,1/25/1978,bworge1w@umich.edu
Dedra,Plaistowe,12/12/1963,dplaistowe1x@constantcontact.com
Grayce,Pert,6/24/1943,gpert1y@wikimedia.org
Tynan,Auty,7/20/1986,tauty1z@springer.com
Gracie,Hutson,8/11/1989,ghutson20@japanpost.jp
Lana,Gounard,10/13/1967,lgounard21@disqus.com
Kaine,Cressy,12/23/1947,kcressy22@xrea.com
Lian,Genge,9/9/1969,lgenge23@is.gd
Cass,Blaxter,8/4/1954,cblaxter24@ed.gov
Eve,Lorimer,11/24/1942,elorimer25@vimeo.com
Kimmy,Marian,4/6/1958,kmarian26@geocities.jp
Madonna,Geggus,3/23/1977,mgeggus27@howstuffworks.com
Ofilia,Lillecrop,4/16/1949,olillecrop28@europa.eu
Peirce,Brabon,7/5/1975,pbrabon29@washington.edu
Brear,Bitterton,9/4/1982,bbitterton2a@jugem.jp
Lonnie,Silverton,12/17/1964,lsilverton2b@ft.com
Della,Jeckells,12/3/1965,djeckells2c@kickstarter.com
Duane,Jewett,3/30/1957,djewett2d@printfriendly.com
Dinny,Chape,4/19/1953,dchape2e@mtv.com
Eadie,Trundle,8/13/1975,etrundle2f@cloudflare.com
Stephannie,Probin,6/14/1993,sprobin2g@auda.org.au
Agosto,Eddowis,8/27/1960,aeddowis2h@howstuffworks.com
Gwenny,Tschiersch,9/11/1946,gtschiersch2i@usnews.com
Cherianne,Goodlake,10/23/1983,cgoodlake2j@lulu.com
Dre,Relf,3/8/1947,drelf2k@usgs.gov
Ranice,Tinline,8/13/1943,rtinline2l@adobe.com
Garret,Brundell,9/7/1981,gbrundell2m@delicious.com
Eulalie,O'Cannan,12/23/1988,eocannan2n@irs.gov
Hymie,Corbitt,2/1/1970,hcorbitt2o@feedburner.com
Tricia,Van der Brugge,8/19/1954,tvanderbrugge2p@feedburner.com
Courtney,Castane,11/1/1956,ccastane2q@canalblog.com
Dave,Nesey,11/19/1989,dnesey2r@t.co
Danella,Briton,7/21/1947,dbriton2s@bbc.co.uk
Riane,Skrines,6/28/1988,rskrines2t@gizmodo.com
Beilul,Pitrelli,12/11/1952,bpitrelli2u@dropbox.com
Emera,De La Coste,12/21/1953,edelacoste2v@purevolume.com
Madelon,Joffe,5/1/1963,mjoffe2w@vinaora.com
Tedie,Elcoux,9/9/1961,telcoux2x@theguardian.com
Langsdon,Jillitt,3/25/1974,ljillitt2y@npr.org
Isabelita,Creer,8/4/1946,icreer2z@seesaa.net
Jeri,Petruskevich,8/18/1993,jpetruskevich30@xrea.com
Svend,Kullmann,5/19/1970,skullmann31@addthis.com
Jacquelin,Parkhouse,6/9/1940,jparkhouse32@tiny.cc
Charmian,Kinneally,10/8/1958,ckinneally33@marriott.com
Wilek,Barthod,12/21/1942,wbarthod34@comsenz.com
Sile,Studeart,6/4/1958,sstudeart35@blogger.com
Dawna,Lillgard,6/11/1984,dlillgard36@hatena.ne.jp
Melisande,Petegrew,4/30/1944,mpetegrew37@mtv.com
Carrol,Fearnill,10/28/1948,cfearnill38@go.com
La verne,MacQuaker,3/4/1965,lmacquaker39@w3.org
Emanuel,Ainscow,11/19/1988,eainscow3a@dion.ne.jp
Buffy,Glynn,1/23/1949,bglynn3b@nytimes.com
Nalani,Mansbridge,12/13/1976,nmansbridge3c@noaa.gov
Imogen,McLewd,1/24/1946,imclewd3d@bizjournals.com
Holt,Piggot,4/11/1969,hpiggot3e@jimdo.com
Elnore,Corrett,12/9/1951,ecorrett3f@sbwire.com
Ber,Mattschas,3/12/1941,bmattschas3g@pbs.org
Jerald,Aylett,7/23/1963,jaylett3h@slideshare.net
Rowena,Bilyard,1/12/1976,rbilyard3i@npr.org
Lefty,Jex,10/10/1941,ljex3j@friendfeed.com
Evelin,Antonoczyk,5/1/1968,eantonoczyk3k@comsenz.com
Kile,Heindl,10/30/1974,kheindl3l@aboutads.info
Carmine,Drury,11/28/1987,cdrury3m@is.gd
Lolita,Junes,1/28/1973,ljunes3n@accuweather.com
Diannne,Taile,9/7/1944,dtaile3o@bbc.co.uk
Loni,Highton,11/17/1953,lhighton3p@pbs.org
Erinn,Posvner,1/20/1984,eposvner3q@exblog.jp
Fredericka,Werrett,2/23/1984,fwerrett3r@elpais.com
Obediah,Evered,9/24/1994,oevered3s@skype.com
Mikel,Jacklin,1/21/1975,mjacklin3t@washingtonpost.com
Wendy,Ebbutt,1/19/1986,webbutt3u@economist.com
Massimo,Josovitz,6/23/1981,mjosovitz3v@stanford.edu
Margie,Fritzer,1/13/1983,mfritzer3w@nydailynews.com
Nichol,Jeaneau,2/13/1941,njeaneau3x@disqus.com
Diane-marie,Mustoe,7/15/1965,dmustoe3y@deviantart.com
Annamarie,Philot,3/12/1961,aphilot3z@desdev.cn
Hurlee,Vignaux,12/26/1974,hvignaux40@independent.co.uk
Cordelie,Huffey,4/13/1972,chuffey41@unc.edu
Debera,Orneles,8/8/1943,dorneles42@ucoz.ru
Wald,Braizier,2/28/1974,wbraizier43@noaa.gov
Langston,Hugues,1/21/1985,lhugues44@google.com.hk
Lyell,De Bruyne,7/14/1991,ldebruyne45@google.com.br
Mile,Goady,7/13/1967,mgoady46@wordpress.com
Renee,Rounsefull,9/1/1982,rrounsefull47@arstechnica.com
Arturo,Edmondson,12/29/1989,aedmondson48@exblog.jp
Janna,Hussell,6/11/1954,jhussell49@amazon.de
Viki,Tunno,1/23/1971,vtunno4a@livejournal.com
Nils,Sherwill,10/9/1974,nsherwill4b@shutterfly.com
Doug,Vinten,6/20/1953,dvinten4c@cpanel.net
Ester,Nangle,7/28/1955,enangle4d@smh.com.au
Juanita,Wilfinger,9/13/1954,jwilfinger4e@vk.com
Brier,O'Lynn,11/2/1971,bolynn4f@acquirethisname.com
Shurlocke,McCrie,6/10/1982,smccrie4g@webnode.com
Lisha,Marusic,5/26/1993,lmarusic4h@gnu.org
Harvey,Warde,11/26/1961,hwarde4i@wordpress.com
Heinrik,O'Halloran,12/23/1973,hohalloran4j@webeden.co.uk
Anselm,Mithon,3/19/1977,amithon4k@sourceforge.net
Jackquelin,McTeague,6/10/1941,jmcteague4l@epa.gov
Conney,Ferrandez,9/21/1977,cferrandez4m@icio.us
Peterus,Osant,12/20/1992,posant4n@friendfeed.com
Sallie,Marshman,5/25/1957,smarshman4o@mac.com
Arleyne,Brunsden,2/23/1970,abrunsden4p@unesco.org
Veda,Dwight,12/2/1993,vdwight4q@ted.com
Tan,Glanfield,3/17/1951,tglanfield4r@skype.com
Merrill,Beldon,10/5/1969,mbeldon4s@springer.com
Hunfredo,Nazer,8/4/1964,hnazer4t@a8.net
Culver,Francie,5/16/1966,cfrancie4u@buzzfeed.com
Phip,Croydon,11/23/1976,pcroydon4v@psu.edu
Allison,Papen,1/28/1985,apapen4w@unesco.org
Kerwinn,Styles,1/2/1977,kstyles4x@answers.com
Maressa,Girodon,8/6/1978,mgirodon4y@ocn.ne.jp
Suki,Pllu,3/5/1974,spllu4z@devhub.com
Bryna,Esche,9/2/1982,besche50@nih.gov
Franklyn,Checcucci,11/17/1978,fcheccucci51@oaic.gov.au
Sergio,Gethyn,2/14/1973,sgethyn52@cornell.edu
Ashton,Walentynowicz,11/3/1993,awalentynowicz53@a8.net
Cristi,Greensitt,4/22/1965,cgreensitt54@google.it
Lenora,Segrave,7/14/1981,lsegrave55@nih.gov
Herve,Cronin,5/12/1965,hcronin56@zdnet.com
Ginni,Banbrook,10/12/1970,gbanbrook57@opensource.org
Garek,Inglesfield,4/21/1951,ginglesfield58@ftc.gov
Kakalina,Spencers,7/18/1985,kspencers59@163.com
Gregor,Patillo,9/17/1966,gpatillo5a@bing.com
Saudra,Reily,3/29/1973,sreily5b@cnn.com
Tabbie,Jacqueminot,8/21/1984,tjacqueminot5c@dropbox.com
Myer,Alyutin,2/23/1950,malyutin5d@yellowbook.com
Felizio,Garrold,9/28/1993,fgarrold5e@google.fr
Gothart,Feak,8/19/1946,gfeak5f@elpais.com
Kipp,Howett,10/30/1943,khowett5g@apple.com
Wilt,Lundbech,12/22/1961,wlundbech5h@fotki.com
Quinton,Berry,2/13/1959,qberry5i@plala.or.jp
Crystie,Mendus,6/11/1945,cmendus5j@ebay.co.uk
Lavena,Fawdrie,2/23/1988,lfawdrie5k@google.de
Georgie,Lago,4/3/1995,glago5l@domainmarket.com
Patience,Reason,6/3/1987,preason5m@mapy.cz
Shane,Sudy,8/2/1973,ssudy5n@nhs.uk
Geoff,Milesop,5/18/1993,gmilesop5o@amazon.com
Cleve,Betton,8/10/1947,cbetton5p@chicagotribune.com
Sherwood,Eschelle,11/8/1965,seschelle5q@sourceforge.net
Delphinia,Kindon,7/28/1956,dkindon5r@behance.net
Elberta,Linebarger,12/4/1951,elinebarger5s@nyu.edu
Wernher,Bertie,10/3/1946,wbertie5t@twitpic.com
York,Sutherland,11/21/1940,ysutherland5u@alexa.com
Leonardo,Stewart,4/2/1954,lstewart5v@bluehost.com
Bryon,Gittens,12/31/1957,bgittens5w@home.pl
Courtenay,Ayce,8/21/1984,cayce5x@cpanel.net
Clare,Btham,5/27/1952,cbtham5y@csmonitor.com
George,Aughtie,7/23/1978,gaughtie5z@google.ca
Eben,O'Reilly,12/30/1946,eoreilly60@walmart.com
Rosalia,Pointer,9/6/1944,rpointer61@answers.com
Reine,Castelain,5/4/1944,rcastelain62@reuters.com
Joline,Bartolomeu,7/10/1994,jbartolomeu63@macromedia.com
Udale,Steffan,11/20/1983,usteffan64@prlog.org
Holt,Skentelbery,3/25/1969,hskentelbery65@kickstarter.com
Marleah,Bushell,8/10/1956,mbushell66@cam.ac.uk
Cory,Kirtland,6/7/1947,ckirtland67@reverbnation.com
Cam,Balden,2/4/1978,cbalden68@digg.com
Layney,Kesteven,6/26/1975,lkesteven69@icio.us
Rosaline,Gino,1/26/1948,rgino6a@google.com
Nels,Fulham,6/5/1956,nfulham6b@cdbaby.com
Sibyl,Overell,1/13/1963,soverell6c@state.gov
Jacquie,Acory,5/11/1945,jacory6d@toplist.cz
Livvy,Gwin,12/27/1949,lgwin6e@sfgate.com
Torrin,Dimmick,5/7/1943,tdimmick6f@xrea.com
Vanna,Thombleson,4/5/1987,vthombleson6g@thetimes.co.uk
Catherine,Minton,8/1/1989,cminton6h@odnoklassniki.ru
Gaspar,Adhams,5/12/1970,gadhams6i@shutterfly.com
Jobye,Bugbee,7/20/1952,jbugbee6j@wikimedia.org
Irving,McClaurie,8/8/1986,imcclaurie6k@issuu.com
Jae,De Morena,1/15/1982,jdemorena6l@topsy.com
Janet,Sissot,5/9/1964,jsissot6m@paypal.com
Robinson,Gretham,4/17/1980,rgretham6n@parallels.com
Gussi,Hazeldene,3/6/1989,ghazeldene6o@aboutads.info
Moses,Gaggen,5/17/1942,mgaggen6p@ezinearticles.com
Rubi,Welband,1/13/1972,rwelband6q@uol.com.br
Rey,Mowen,3/20/1987,rmowen6r@123-reg.co.uk
Kristoffer,Thicking,12/11/1972,kthicking6s@sitemeter.com
Pam,Waggett,11/27/1993,pwaggett6t@gnu.org
Anastassia,Rogers,4/18/1980,arogers6u@spiegel.de
Melisse,Chettoe,12/28/1981,mchettoe6v@dyndns.org
Helenka,Graeser,4/4/1961,hgraeser6w@dyndns.org
Osmond,Durdy,10/18/1957,odurdy6x@microsoft.com
Feodor,Joe,10/16/1995,fjoe6y@army.mil
Ewen,Spadeck,6/5/1958,espadeck6z@so-net.ne.jp
Alisa,Wapple,7/10/1964,awapple70@msu.edu
Paulo,Litchmore,12/8/1949,plitchmore71@gmpg.org
Eugenio,MacCaughey,12/28/1941,emaccaughey72@mapquest.com
Gusella,Bycraft,6/14/1942,gbycraft73@telegraph.co.uk
Anabel,Bott,3/8/1956,abott74@time.com
Hadrian,Worsall,4/4/1954,hworsall75@wisc.edu
Gregory,Walthall,3/23/1957,gwalthall76@meetup.com
Leshia,Elverstone,12/22/1965,lelverstone77@prlog.org
Elaine,Tilburn,12/14/1979,etilburn78@cbsnews.com
Johnathon,Rigolle,6/24/1980,jrigolle79@woothemes.com
Cissy,Filler,3/14/1971,cfiller7a@photobucket.com
Gail,Areles,8/29/1972,gareles7b@google.de
Rhett,Hunnawill,3/24/1953,rhunnawill7c@shop-pro.jp
Eberhard,Latch,11/8/1941,elatch7d@hostgator.com
Maurise,Lawie,8/16/1973,mlawie7e@stanford.edu
Leslie,Pinson,11/16/1972,lpinson7f@mapy.cz
Berne,Reyes,1/11/1951,breyes7g@squidoo.com
Diane,Gheorghe,7/20/1951,dgheorghe7h@xinhuanet.com
Neall,Pren,10/23/1963,npren7i@sphinn.com
Monique,Macbane,6/20/1951,mmacbane7j@tiny.cc
Ray,Pawley,2/17/1993,rpawley7k@mapy.cz
Hallsy,Mynett,5/5/1967,hmynett7l@nydailynews.com
Allistir,Houselee,12/1/1982,ahouselee7m@elegantthemes.com
Anthia,Damarell,10/7/1940,adamarell7n@liveinternet.ru
Arty,Largen,9/18/1945,alargen7o@linkedin.com
Fan,Lofts,4/23/1993,flofts7p@studiopress.com
Darcey,Pryer,8/15/1962,dpryer7q@dell.com
Dorey,Khrishtafovich,1/27/1984,dkhrishtafovich7r@scientificamerican.com
Fitzgerald,Fellibrand,9/17/1947,ffellibrand7s@hao123.com
Gunter,Anning,9/8/1958,ganning7t@google.es
Robbi,Brushfield,5/5/1956,rbrushfield7u@istockphoto.com
Whitney,Fingleton,10/21/1970,wfingleton7v@unicef.org
Amos,Gedge,11/11/1980,agedge7w@miibeian.gov.cn
Kalinda,Darree,10/27/1981,kdarree7x@bbb.org
Mara,Nurdin,2/26/1951,mnurdin7y@opera.com
Gabriellia,Saunderson,7/5/1978,gsaunderson7z@sfgate.com
Estevan,Ary,1/2/1992,eary80@deviantart.com
Annette,Southcoat,9/13/1948,asouthcoat81@cdbaby.com
Sharyl,Jenkin,10/9/1960,sjenkin82@disqus.com
Dorey,de Quincey,3/14/1962,ddequincey83@psu.edu
Arabel,Ferraretto,1/29/1988,aferraretto84@newsvine.com
Matty,Haet,1/12/1951,mhaet85@opera.com
Kara,Mahomet,3/28/1970,kmahomet86@1und1.de
Cleveland,Tome,4/14/1954,ctome87@people.com.cn
Shaylah,Petley,3/12/1964,spetley88@alexa.com
Blisse,Humphries,10/10/1948,bhumphries89@about.com
Henryetta,Perchard,9/19/1957,hperchard8a@adobe.com
Derby,Hannay,12/2/1942,dhannay8b@sphinn.com
Drake,Elsby,6/1/1960,delsby8c@google.de
Jamie,Cunnington,1/20/1963,jcunnington8d@eventbrite.com
Bowie,Woodman,1/27/1950,bwoodman8e@rediff.com
Marian,Galvan,10/29/1953,mgalvan8f@taobao.com
Codie,Driver,12/27/1967,cdriver8g@bandcamp.com
Haley,Nisby,7/6/1955,hnisby8h@harvard.edu
Sammie,Buddell,1/29/1994,sbuddell8i@loc.gov
Lew,Keher,6/26/1943,lkeher8j@cbslocal.com
Filberto,Welbourn,2/27/1966,fwelbourn8k@businessinsider.com
Mab,Ende,6/21/1982,mende8l@bandcamp.com
Elisabetta,Shoute,2/4/1965,eshoute8m@elegantthemes.com
Coralie,Pedroli,4/12/1977,cpedroli8n@bigcartel.com
Trevor,Descroix,11/6/1945,tdescroix8o@shutterfly.com
Cordelie,Fehely,11/13/1943,cfehely8p@cbc.ca
Marylin,Skippen,10/1/1987,mskippen8q@xrea.com
Nicky,Dellenbrok,8/31/1944,ndellenbrok8r@a8.net
Erick,Triggs,7/6/1971,etriggs8s@webs.com
Abe,Doveston,5/25/1942,adoveston8t@mayoclinic.com
Ermin,Iredale,9/13/1966,eiredale8u@yellowbook.com
Marley,Flawn,8/13/1944,mflawn8v@techcrunch.com
Pietra,Leahey,8/30/1976,pleahey8w@walmart.com
Cathe,Loalday,10/25/1970,cloalday8x@exblog.jp
Rourke,Barth,6/29/1952,rbarth8y@examiner.com
Cosette,Kingswell,6/6/1961,ckingswell8z@meetup.com
Amble,Cordel,7/1/1959,acordel90@about.me
Gradey,Talkington,6/24/1947,gtalkington91@usnews.com
Baudoin,Lazarus,10/11/1973,blazarus92@unblog.fr
Thor,Grandisson,6/22/1948,tgrandisson93@princeton.edu
Noach,Ruddle,4/19/1965,nruddle94@t-online.de
Loree,Pugsley,5/18/1977,lpugsley95@weibo.com
Kariotta,Cassely,1/2/1946,kcassely96@unblog.fr
Urban,Lade,4/30/1951,ulade97@microsoft.com
Stephi,Kaming,4/3/1992,skaming98@flavors.me
Yoshiko,Quimby,5/20/1964,yquimby99@yahoo.co.jp
Gretal,Crumb,3/21/1978,gcrumb9a@abc.net.au
Leigh,Mitchelmore,6/21/1961,lmitchelmore9b@elpais.com
Tierney,Disbury,10/29/1970,tdisbury9c@ox.ac.uk
Justino,Puckett,3/14/1990,jpuckett9d@hao123.com
Lizabeth,Thackeray,6/6/1990,lthackeray9e@booking.com
Rubetta,Rubbens,6/2/1955,rrubbens9f@cnbc.com
Bobette,Klulicek,2/14/1959,bklulicek9g@wordpress.org
Wilhelmina,Luebbert,7/18/1966,wluebbert9h@weibo.com
Raimondo,Glandfield,5/29/1946,rglandfield9i@statcounter.com
Traci,Fraczak,1/31/1980,tfraczak9j@booking.com
Melonie,Kelson,7/3/1965,mkelson9k@posterous.com
Robin,Carney,6/29/1994,rcarney9l@paginegialle.it
Ab,Attew,2/17/1954,aattew9m@globo.com
Mauricio,Sinderland,7/12/1986,msinderland9n@posterous.com
Royall,Ure,4/24/1941,rure9o@hao123.com
Gerry,Surby,11/8/1958,gsurby9p@xinhuanet.com
Harlin,Muschette,11/24/1946,hmuschette9q@typepad.com
Dolorita,Ianetti,1/29/1962,dianetti9r@timesonline.co.uk
Gabrielle,Dunkerley,2/7/1990,gdunkerley9s@ovh.net
Mikaela,Postle,6/27/1964,mpostle9t@canalblog.com
Nollie,Dziwisz,12/14/1989,ndziwisz9u@digg.com
Marcelline,Aldins,1/9/1952,maldins9v@hibu.com
Rhea,Dorran,12/24/1956,rdorran9w@cbsnews.com
Jocelin,Kingescot,3/2/1979,jkingescot9x@bbc.co.uk
Erna,Cranna,4/21/1982,ecranna9y@usda.gov
Dory,Beurich,1/8/1969,dbeurich9z@upenn.edu
Rachelle,Corkill,11/9/1954,rcorkilla0@si.edu
Charmian,Giacopetti,1/23/1962,cgiacopettia1@timesonline.co.uk
Felicdad,Ferras,12/13/1959,fferrasa2@ed.gov
Hillery,Vannoort,6/5/1983,hvannoorta3@sun.com
Erroll,Manklow,8/19/1946,emanklowa4@nih.gov
Enriqueta,Quinevan,4/9/1951,equinevana5@hostgator.com
Shannen,Jervis,3/8/1947,sjervisa6@homestead.com
Isak,Adamski,5/4/1995,iadamskia7@bandcamp.com
Trixi,Barstowk,12/10/1980,tbarstowka8@abc.net.au
Duky,Lindelof,9/28/1944,dlindelofa9@qq.com
Archie,Palfreyman,2/2/1979,apalfreymanaa@mozilla.com
Fulvia,Bartholomew,1/30/1981,fbartholomewab@bloglovin.com
Daven,Kynder,8/4/1963,dkynderac@miitbeian.gov.cn
Aviva,Elener,5/9/1987,aelenerad@chronoengine.com
Heywood,Esmonde,12/31/1953,hesmondeae@virginia.edu
Leisha,Wilshere,12/9/1992,lwilshereaf@behance.net
Marty,Fawson,7/9/1992,mfawsonag@prnewswire.com
Bev,Menere,12/5/1977,bmenereah@paypal.com
Florina,Fenkel,7/23/1983,ffenkelai@bloglines.com
Myrah,Sumbler,8/17/1973,msumbleraj@irs.gov
Lauree,Eisenberg,3/28/1945,leisenbergak@dmoz.org
Leonard,Plose,7/10/1940,lploseal@dailymail.co.uk
Silvia,Challenor,7/13/1980,schallenoram@redcross.org
Doloritas,Muncey,6/25/1966,dmunceyan@answers.com
Lin,Ronaghan,5/10/1983,lronaghanao@imageshack.us
Ollie,Lillico,1/5/1942,olillicoap@opera.com
Pete,McMichell,3/31/1986,pmcmichellaq@addtoany.com
Andrea,Meritt,3/30/1944,amerittar@google.it
Jervis,Pettett,1/28/1981,jpettettas@myspace.com
Klarika,Blasdale,10/12/1989,kblasdaleat@dropbox.com
Hi,Aleshkov,12/5/1968,haleshkovau@wikipedia.org
Thalia,Bulch,6/15/1958,tbulchav@google.nl
Alysia,Kenson,2/17/1976,akensonaw@vimeo.com
Ollie,Dumbrill,12/25/1985,odumbrillax@dell.com
Ashby,Toquet,6/4/1959,atoquetay@skype.com
Amby,Choffin,8/22/1954,achoffinaz@kickstarter.com
Thedric,Patillo,1/14/1959,tpatillob0@blogger.com
Alberto,Cuttings,9/25/1966,acuttingsb1@so-net.ne.jp
Rahal,O'Fihillie,10/2/1952,rofihillieb2@about.me
Jared,Boys,4/27/1962,jboysb3@amazon.de
Nessa,Lease,3/13/1949,nleaseb4@slideshare.net
Lelah,Eyes,2/11/1951,leyesb5@economist.com
Cassius,Oleksiak,4/6/1978,coleksiakb6@google.es
Huntley,McKennan,8/23/1953,hmckennanb7@buzzfeed.com
Stace,Bowering,6/13/1990,sboweringb8@hugedomains.com
Cly,Brun,1/3/1967,cbrunb9@blogspot.com
Sky,Rustadge,3/17/1969,srustadgeba@google.co.uk
Jervis,Heberden,11/3/1980,jheberdenbb@gmpg.org
Felike,Neate,10/26/1954,fneatebc@yelp.com
Christian,Petric,3/3/1990,cpetricbd@desdev.cn
Brantley,Sieur,6/15/1990,bsieurbe@addthis.com
Darda,Ranvoise,5/3/1991,dranvoisebf@gmpg.org
Morna,Whitsun,5/6/1989,mwhitsunbg@utexas.edu
Nikki,Antic,7/17/1988,nanticbh@reddit.com
Pembroke,Potteridge,10/12/1958,ppotteridgebi@earthlink.net
Allys,Hulk,3/19/1959,ahulkbj@flickr.com
Louise,Skirling,11/4/1946,lskirlingbk@dedecms.com
Molli,McKendo,6/5/1953,mmckendobl@businessweek.com
Hillie,Faloon,6/18/1971,hfaloonbm@discovery.com
Falkner,Gostick,10/17/1981,fgostickbn@ibm.com
Lucilia,Portail,3/5/1974,lportailbo@homestead.com
Deidre,Batthew,8/13/1955,dbatthewbp@fda.gov
Ebeneser,McGinnis,5/13/1945,emcginnisbq@github.io
Tyrone,Perfitt,2/5/1968,tperfittbr@globo.com
Nye,Crathorne,1/16/1949,ncrathornebs@cafepress.com
Dario,Veque,5/2/1992,dvequebt@noaa.gov
Letti,Longstaff,10/17/1981,llongstaffbu@businesswire.com
Derrek,Balls,11/30/1975,dballsbv@1und1.de
Fidel,Hollyer,6/9/1957,fhollyerbw@blogtalkradio.com
Chrissie,Gulleford,5/19/1980,cgullefordbx@dyndns.org
Augusto,Kopmann,6/10/1954,akopmannby@squarespace.com
Dal,Thripp,11/3/1972,dthrippbz@gravatar.com
Meggie,Storror,6/16/1970,mstorrorc0@nationalgeographic.com
Harper,Lamps,3/28/1978,hlampsc1@ftc.gov
Hadrian,Hertwell,12/30/1990,hhertwellc2@behance.net
Artur,Usborn,6/25/1946,ausbornc3@lulu.com
Orsa,Kobes,10/2/1992,okobesc4@reddit.com
Gelya,Gould,4/27/1979,ggouldc5@bizjournals.com
Winston,Bonnick,4/7/1941,wbonnickc6@phoca.cz
Mohandas,Shields,1/4/1995,mshieldsc7@printfriendly.com
Ginny,Sherel,8/3/1982,gsherelc8@nba.com
Archambault,Kubista,6/9/1945,akubistac9@ft.com
Jamima,Twinning,12/31/1983,jtwinningca@squarespace.com
Marice,Abraham,9/5/1967,mabrahamcb@1688.com
Dorie,Liversidge,12/1/1950,dliversidgecc@uiuc.edu
Kile,Prebble,4/11/1962,kprebblecd@de.vu
Willey,Wickett,4/28/1990,wwickettce@vistaprint.com
Julee,McCrohon,2/21/1995,jmccrohoncf@wisc.edu
Chrissie,Gymlett,12/9/1951,cgymlettcg@goo.gl
Nertie,Rispen,8/2/1959,nrispench@cdc.gov
Vick,Stern,4/11/1942,vsternci@ustream.tv
Sterne,Freeland,7/13/1943,sfreelandcj@de.vu
Clemmy,Ebbetts,3/7/1966,cebbettsck@multiply.com
Fay,Biffen,6/1/1992,fbiffencl@seesaa.net
Guinna,Winmill,12/24/1983,gwinmillcm@behance.net
Raphaela,Halmkin,7/30/1950,rhalmkincn@nyu.edu
Abie,Brome,6/20/1940,abromeco@kickstarter.com
Michale,House,7/27/1977,mhousecp@miibeian.gov.cn
Timmi,Thirlwall,3/23/1991,tthirlwallcq@reuters.com
Trixie,Points,8/31/1989,tpointscr@census.gov
Land,Antognozzii,6/3/1966,lantognozziics@redcross.org
Carrol,Hillhouse,8/17/1991,chillhousect@jugem.jp
Joela,Makin,12/15/1971,jmakincu@shop-pro.jp
Eddie,Ehlerding,3/20/1981,eehlerdingcv@amazon.co.uk
Pier,Eshmade,11/22/1986,peshmadecw@guardian.co.uk
Gavrielle,Le Lievre,1/24/1982,glelievrecx@friendfeed.com
Janos,Hallgate,4/29/1947,jhallgatecy@arstechnica.com
Elizabet,Fice,4/18/1966,eficecz@prlog.org
Asa,Larmor,5/7/1993,alarmord0@economist.com
Susann,Jakovijevic,2/23/1970,sjakovijevicd1@symantec.com
Nichol,Keepence,7/25/1986,nkeepenced2@nymag.com
Hadlee,Kornilov,7/14/1957,hkornilovd3@google.nl
Tiphani,O'Kenny,9/16/1994,tokennyd4@newyorker.com
Idette,Pagnin,5/23/1985,ipagnind5@arizona.edu
Nona,Bremmell,5/25/1971,nbremmelld6@ycombinator.com
Nikola,Sommerville,9/18/1970,nsommervilled7@webmd.com
Cletis,Casement,3/12/1971,ccasementd8@google.it
Kelsey,Meneghelli,12/20/1976,kmeneghellid9@mapquest.com
Corbin,Whisson,10/24/1954,cwhissonda@ox.ac.uk
Staford,Pavlenko,10/18/1956,spavlenkodb@nyu.edu
Moshe,Martyntsev,5/2/1941,mmartyntsevdc@state.tx.us
Christoforo,Teissier,2/3/1979,cteissierdd@hp.com
Hayden,McDunlevy,3/24/1951,hmcdunlevyde@rakuten.co.jp
Creight,Lamblot,4/6/1994,clamblotdf@technorati.com
Brooks,McDill,5/7/1978,bmcdilldg@e-recht24.de
Joey,Challiss,5/1/1990,jchallissdh@msu.edu
Nickie,Baildon,5/7/1948,nbaildondi@networksolutions.com
Mark,Holbarrow,2/13/1972,mholbarrowdj@jiathis.com
Eamon,Capelle,3/29/1970,ecapelledk@japanpost.jp
Clevey,Schinetti,9/14/1973,cschinettidl@yale.edu
Ariadne,Quinevan,12/23/1941,aquinevandm@canalblog.com
Fulvia,Conring,8/13/1943,fconringdn@eepurl.com
Annalise,Pointon,7/16/1940,apointondo@gov.uk
Rikki,Burnip,6/29/1972,rburnipdp@pbs.org
Bill,Pittet,12/24/1978,bpittetdq@mapquest.com
Kandy,Sparshott,7/26/1959,ksparshottdr@dot.gov
Booth,Float,1/5/1956,bfloatds@blogtalkradio.com
Wendie,Dilworth,3/31/1984,wdilworthdt@skype.com
Raddy,Trollope,9/9/1962,rtrollopedu@about.me
Lynea,Benini,7/11/1991,lbeninidv@phpbb.com
Clevie,Duffree,2/24/1976,cduffreedw@cyberchimps.com
Angy,Escolme,12/12/1982,aescolmedx@noaa.gov
Ethan,Forsyde,1/20/1967,eforsydedy@columbia.edu
Gusti,Luquet,4/8/1949,gluquetdz@shareasale.com
Norry,Escott,5/14/1959,nescotte0@sina.com.cn
Lyn,Spittal,12/14/1984,lspittale1@washington.edu
Jaymee,Willarton,8/15/1994,jwillartone2@nps.gov
Ansley,Cressar,7/14/1961,acressare3@rediff.com
Rianon,Kunzelmann,8/7/1959,rkunzelmanne4@cocolog-nifty.com
Wernher,Forrestall,4/7/1950,wforrestalle5@seesaa.net
Nata,O'Carran,7/28/1993,nocarrane6@123-reg.co.uk
Vaughan,Hek,7/8/1950,vheke7@blogger.com
Rubi,Glascott,12/6/1982,rglascotte8@miitbeian.gov.cn
Dela,Clissold,10/30/1989,dclissolde9@shareasale.com
Orlan,Maytom,3/25/1947,omaytomea@vkontakte.ru
Teodoro,Macbane,8/22/1955,tmacbaneeb@php.net
Tristan,Bridie,3/3/1952,tbridieec@independent.co.uk
Holt,Steffans,4/22/1944,hsteffansed@smugmug.com
Astrid,Gaudin,4/29/1977,agaudinee@ycombinator.com
Hans,Ciccotto,9/1/1941,hciccottoef@360.cn
Panchito,Klimpt,5/10/1964,pklimpteg@clickbank.net
Maire,Rigeby,3/25/1946,mrigebyeh@ca.gov
Vinny,Franchyonok,11/11/1942,vfranchyonokei@marketwatch.com
Washington,Arnopp,11/20/1959,warnoppej@dyndns.org
Mateo,Dutton,3/1/1964,mduttonek@google.cn
Kimmy,Gerald,4/5/1976,kgeraldel@odnoklassniki.ru
Gerry,Dangl,3/12/1959,gdanglem@last.fm
Ricard,Raoul,2/2/1989,rraoulen@alexa.com
Dael,Valeri,2/6/1967,dvalerieo@globo.com
Jonis,Mozzetti,1/20/1965,jmozzettiep@jiathis.com
Uriah,Hamnett,9/23/1971,uhamnetteq@phoca.cz
Marcela,Shefton,2/23/1944,msheftoner@un.org
Dannie,Crame,10/13/1947,dcramees@prlog.org
Forest,Kleyn,1/22/1968,fkleynet@archive.org
Manolo,McPhaden,8/22/1949,mmcphadeneu@weebly.com
Sigismondo,Orrell,8/18/1943,sorrellev@dmoz.org
Marla,Chark,8/1/1959,mcharkew@w3.org
Sig,Rothera,2/22/1993,srotheraex@soup.io
Deana,Fitchet,6/29/1976,dfitchetey@weather.com
Stacie,McCrum,8/8/1975,smccrumez@people.com.cn
Kellen,Pannaman,12/1/1953,kpannamanf0@tuttocitta.it
Nikola,Southcombe,1/11/1950,nsouthcombef1@sphinn.com
Sapphira,Oblein,3/9/1948,sobleinf2@washingtonpost.com
Sergent,Beckwith,3/14/1944,sbeckwithf3@hugedomains.com
Evaleen,Rolfo,4/29/1942,erolfof4@icq.com
Sargent,Cockren,8/25/1961,scockrenf5@miitbeian.gov.cn
Fitz,Shoreman,7/3/1955,fshoremanf6@plala.or.jp
Fannie,Jackson,2/29/1972,fjacksonf7@storify.com
Rhonda,Heister,4/14/1989,rheisterf8@google.com.hk
Merrill,Blamires,3/8/1988,mblamiresf9@hugedomains.com
Wesley,Middup,8/8/1973,wmiddupfa@vk.com
Pauly,Devote,2/29/1964,pdevotefb@canalblog.com
Judy,Abramovitch,12/27/1955,jabramovitchfc@typepad.com
Symon,Benge,11/14/1940,sbengefd@de.vu
Celene,Rampton,11/14/1963,cramptonfe@google.ru
Kaitlin,Ronchka,12/20/1975,kronchkaff@webeden.co.uk
Annamaria,Woodes,11/16/1940,awoodesfg@oakley.com
Caria,Ginner,7/15/1992,cginnerfh@artisteer.com
Elise,Addionizio,6/17/1987,eaddioniziofi@themeforest.net
Korrie,Slight,3/6/1945,kslightfj@cnet.com
Celestine,Assel,9/9/1982,casselfk@eventbrite.com
Mitzi,Martignoni,3/17/1995,mmartignonifl@bizjournals.com
Alix,Hellyar,2/7/1983,ahellyarfm@posterous.com
Noak,MacGilpatrick,12/15/1952,nmacgilpatrickfn@live.com
Garvey,McCoid,5/22/1948,gmccoidfo@webs.com
Claudian,Ambrodi,9/9/1981,cambrodifp@mlb.com
Ulrica,Scalera,9/27/1957,uscalerafq@epa.gov
Estevan,Prenty,7/13/1943,eprentyfr@mapy.cz
Tine,Saphin,1/21/1981,tsaphinfs@census.gov
Morris,Donwell,3/13/1978,mdonwellft@epa.gov
Danette,Dyble,5/14/1983,ddyblefu@wisc.edu
Madelena,Sextie,2/26/1960,msextiefv@google.it
Myles,Dmych,1/27/1992,mdmychfw@twitter.com
Melony,Lansberry,6/15/1983,mlansberryfx@microsoft.com
Alexina,Ciccerale,1/14/1959,acicceralefy@tripod.com
Merilyn,Myhan,6/18/1989,mmyhanfz@unesco.org
Hinda,Curdell,5/20/1989,hcurdellg0@phoca.cz
Margarethe,Wild,12/27/1944,mwildg1@themeforest.net
Robbyn,Weitzel,6/4/1991,rweitzelg2@loc.gov
Gustave,Selbie,3/19/1979,gselbieg3@uol.com.br
Lowe,McAdam,6/25/1993,lmcadamg4@pinterest.com
Hollie,Alwen,4/9/1987,halweng5@omniture.com
Karry,Paulson,10/24/1969,kpaulsong6@businessinsider.com
Humfrid,Copestick,7/18/1948,hcopestickg7@eepurl.com
Gypsy,Cadany,11/24/1940,gcadanyg8@state.tx.us
Dag,Finey,3/28/1991,dfineyg9@intel.com
Kirsten,Easom,12/11/1990,keasomga@google.ru
Bernice,Raunds,11/12/1975,braundsgb@walmart.com
Lucy,Nel,12/3/1942,lnelgc@canalblog.com
Korrie,Andreia,3/21/1952,kandreiagd@miibeian.gov.cn
Torrie,Fyldes,9/4/1980,tfyldesge@weibo.com
Orly,Dahl,4/4/1980,odahlgf@mail.ru
Winna,Mutton,4/22/1979,wmuttongg@va.gov
Nichol,Cockroft,1/12/1951,ncockroftgh@pinterest.com
Gilli,Besantie,9/16/1944,gbesantiegi@va.gov
Melonie,Crouse,1/1/1991,mcrousegj@ucoz.com
Frederique,Vlasin,8/8/1952,fvlasingk@desdev.cn
Latrena,Rex,4/13/1983,lrexgl@scientificamerican.com
Marietta,Sacaze,8/22/1983,msacazegm@google.it
Kippie,Reggio,12/20/1985,kreggiogn@google.fr
Netti,Mesnard,5/24/1951,nmesnardgo@theguardian.com
Berk,Hannan,4/28/1970,bhannangp@qq.com
Nealon,Blincow,6/26/1943,nblincowgq@arstechnica.com
Daffie,Yusupov,11/26/1992,dyusupovgr@china.com.cn
Dougy,Copeman,2/8/1949,dcopemangs@icio.us
Clarinda,Pitney,8/18/1982,cpitneygt@wikia.com
Carleen,Hamley,5/8/1975,chamleygu@ed.gov
Pauline,Thomelin,6/15/1973,pthomelingv@statcounter.com
Briano,Giacomuzzi,5/3/1957,bgiacomuzzigw@addthis.com
Wat,Ivanuschka,8/3/1984,wivanuschkagx@kickstarter.com
Blanch,Kynforth,2/5/1959,bkynforthgy@vistaprint.com
Terrance,Brownsall,5/9/1947,tbrownsallgz@elpais.com
Winni,Thurlbourne,5/30/1989,wthurlbourneh0@epa.gov
Corny,Fulker,3/21/1941,cfulkerh1@phoca.cz
Bjorn,Kepe,12/15/1951,bkepeh2@newyorker.com
Milly,Jozwiak,8/24/1966,mjozwiakh3@netscape.com
Clair,Shulver,5/14/1960,cshulverh4@miibeian.gov.cn
Maria,Enrico,8/31/1958,menricoh5@nationalgeographic.com
Raquel,Paffot,1/18/1981,rpaffoth6@businessweek.com
Petronille,Ibbitson,12/14/1991,pibbitsonh7@booking.com
Helen-elizabeth,Skentelbury,2/10/1943,hskentelburyh8@marriott.com
Drake,Durrand,9/6/1991,ddurrandh9@prnewswire.com
Lorne,Olander,9/6/1984,lolanderha@mediafire.com
Gabriela,Antonovic,7/20/1983,gantonovichb@wordpress.com
Aldo,Lewry,4/24/1956,alewryhc@slate.com
Jackie,Yakobovitz,6/14/1989,jyakobovitzhd@taobao.com
Justis,Plumstead,11/7/1947,jplumsteadhe@nbcnews.com
Maximilian,Heam,3/11/1952,mheamhf@networkadvertising.org
Bradley,Grastye,12/14/1942,bgrastyehg@yellowpages.com
Alexis,Guys,6/29/1941,aguyshh@so-net.ne.jp
Wilie,Skeldinge,2/21/1990,wskeldingehi@yahoo.co.jp
Devan,Eppson,7/11/1983,deppsonhj@blogs.com
Jayme,Brownlie,9/5/1961,jbrownliehk@gizmodo.com
Paolo,Collacombe,3/5/1972,pcollacombehl@freewebs.com
Betsy,Chazelas,8/24/1974,bchazelashm@netscape.com
Tilly,Duinbleton,4/5/1964,tduinbletonhn@sciencedirect.com
Richardo,Fevers,5/17/1948,rfeversho@google.co.jp
Fayth,Haugh,8/19/1946,fhaughhp@issuu.com
Elston,Lamblin,2/23/1966,elamblinhq@nih.gov
Casar,Woodes,7/2/1952,cwoodeshr@mlb.com
Garv,Petruk,7/4/1968,gpetrukhs@pinterest.com
Bradney,Skypp,7/29/1968,bskyppht@google.es
Davon,Gutman,11/18/1994,dgutmanhu@techcrunch.com
Betteann,Toretta,7/28/1978,btorettahv@dot.gov
Anatole,Petto,12/6/1994,apettohw@wsj.com
Herrick,Greeno,8/15/1967,hgreenohx@vkontakte.ru
Zea,Wellen,6/2/1957,zwellenhy@va.gov
Jania,Davall,3/23/1981,jdavallhz@dropbox.com
Charmaine,Frome,11/9/1989,cfromei0@google.nl
Nicolea,Howard - Gater,11/13/1953,nhowardgateri1@w3.org
Carmelia,Matton,2/6/1988,cmattoni2@nytimes.com
Abigael,Ivons,10/11/1959,aivonsi3@netvibes.com
Annabelle,Langdale,4/25/1968,alangdalei4@ning.com
Crissie,Stivens,1/9/1949,cstivensi5@fema.gov
Kennith,McClosh,3/4/1956,kmccloshi6@vimeo.com
Elihu,Arthey,8/3/1988,eartheyi7@bbb.org
Jacquenetta,Bertholin,4/1/1943,jbertholini8@xinhuanet.com
Mart,Hinstock,5/8/1946,mhinstocki9@go.com
Hyacintha,Fitzhenry,7/21/1981,hfitzhenryia@indiatimes.com
Adaline,Bruna,11/4/1948,abrunaib@wix.com
Cristy,Hubball,9/17/1954,chubballic@discuz.net
Wallace,Lehrmann,6/7/1976,wlehrmannid@lycos.com
Monika,Schaumann,5/13/1962,mschaumannie@dyndns.org
Lu,Rouby,10/30/1994,lroubyif@freewebs.com
Kevina,Mathiassen,1/10/1975,kmathiassenig@pbs.org
Iosep,Bennell,9/24/1950,ibennellih@mayoclinic.com
Eberto,Langtry,2/20/1982,elangtryii@guardian.co.uk
Rickard,Malcher,6/18/1954,rmalcherij@diigo.com
Fawn,Payn,9/9/1990,fpaynik@jalbum.net
Bailie,Littledike,1/13/1950,blittledikeil@wikipedia.org
Jeremiah,Proudler,8/5/1943,jproudlerim@craigslist.org
Pearline,Biford,8/7/1965,pbifordin@artisteer.com
Ronica,Choffin,12/2/1965,rchoffinio@seattletimes.com
Lannie,Peizer,11/13/1940,lpeizerip@whitehouse.gov
Hercules,Haggith,3/27/1960,hhaggithiq@vk.com
Liva,Edrich,6/7/1972,ledrichir@simplemachines.org
Byran,Foulis,12/18/1971,bfoulisis@senate.gov
Shawn,Kennler,5/30/1965,skennlerit@slideshare.net
Jameson,Jephcote,10/22/1952,jjephcoteiu@hugedomains.com
Northrup,Attoc,4/16/1944,nattociv@mayoclinic.com
Fifi,Gilpillan,1/28/1943,fgilpillaniw@fc2.com
Romeo,Haughan,10/12/1944,rhaughanix@wix.com
Simonette,Klimkiewich,11/29/1975,sklimkiewichiy@google.ru
Bibby,MacGeaney,11/19/1959,bmacgeaneyiz@census.gov
Vernor,Giacaponi,10/30/1994,vgiacaponij0@mlb.com
Anny,Fenlon,2/5/1976,afenlonj1@patch.com
Tim,Gyles,6/15/1941,tgylesj2@deliciousdays.com
Jonell,Dugald,11/25/1952,jdugaldj3@cnbc.com
Tessy,Lambarton,5/27/1947,tlambartonj4@purevolume.com
Amberly,Gravestone,1/6/1952,agravestonej5@360.cn
Truda,Rispin,6/24/1943,trispinj6@narod.ru
Kellina,Medford,10/4/1957,kmedfordj7@walmart.com
Sherrie,Lindman,5/18/1972,slindmanj8@free.fr
Clarke,Markos,8/12/1993,cmarkosj9@liveinternet.ru
Mirilla,Muzzall,9/23/1966,mmuzzallja@hud.gov
Mavra,Minichi,2/21/1951,mminichijb@taobao.com
Rodolph,Jefferies,6/28/1976,rjefferiesjc@aboutads.info
Leupold,Redpath,6/6/1970,lredpathjd@tripod.com
Hendrick,Hintze,3/28/1974,hhintzeje@surveymonkey.com
Wilek,Leel,4/8/1941,wleeljf@wikia.com
Janaye,Arnow,4/8/1968,jarnowjg@sciencedirect.com
Fidela,Salmons,4/5/1974,fsalmonsjh@tripadvisor.com
Mathian,Fillimore,6/2/1957,mfillimoreji@phpbb.com
Ichabod,Speechley,3/19/1957,ispeechleyjj@miitbeian.gov.cn
Floris,Scollick,9/18/1955,fscollickjk@mlb.com
Kim,Dorrian,2/15/1952,kdorrianjl@typepad.com
Dewie,Hick,3/17/1942,dhickjm@dyndns.org
Rubie,Stubbins,6/1/1975,rstubbinsjn@zdnet.com
Annice,Lock,11/23/1962,alockjo@engadget.com
Zoe,Huddart,4/28/1952,zhuddartjp@youtu.be
Ted,Barszczewski,12/25/1962,tbarszczewskijq@microsoft.com
Louisa,Kerfut,1/4/1942,lkerfutjr@blogs.com
Gill,Fitkin,8/14/1987,gfitkinjs@skype.com
Janessa,Ghelardoni,4/22/1953,jghelardonijt@nydailynews.com
Glyn,Houlston,9/18/1943,ghoulstonju@nyu.edu
Ansley,Murkin,2/11/1988,amurkinjv@businessinsider.com
Agretha,Youll,8/11/1960,ayoulljw@businesswire.com
Gram,Just,1/1/1963,gjustjx@lulu.com
Aguistin,Hinzer,1/17/1975,ahinzerjy@tinyurl.com
Mattie,Benninck,4/4/1971,mbenninckjz@disqus.com
Charlotta,Smolan,10/26/1975,csmolank0@zdnet.com
Hanna,Kohring,10/10/1960,hkohringk1@youku.com
Neal,Julyan,8/10/1987,njulyank2@google.it
Philomena,Trye,9/17/1947,ptryek3@discuz.net
Carmita,Tottman,7/17/1989,ctottmank4@boston.com
Wally,Estrella,5/26/1954,westrellak5@twitter.com
Pearce,Saile,3/14/1978,psailek6@slashdot.org
Sydney,Parnby,7/25/1974,sparnbyk7@usa.gov
Andriette,Heild,11/30/1978,aheildk8@shop-pro.jp
Erin,Swan,7/29/1967,eswank9@un.org
Jeanie,Giottini,2/22/1969,jgiottinika@webmd.com
Rivalee,Winsley,7/18/1961,rwinsleykb@nymag.com
Jere,Levensky,1/11/1952,jlevenskykc@altervista.org
Malissa,Rains,12/8/1955,mrainskd@google.pl
Adah,Garr,9/15/1945,agarrke@phoca.cz
Ivett,Ondrusek,4/3/1955,iondrusekkf@bloomberg.com
Marion,Andersson,7/26/1950,manderssonkg@timesonline.co.uk
Rona,Pucker,12/13/1944,rpuckerkh@scientificamerican.com
Georgina,Amies,1/19/1981,gamieski@people.com.cn
Nolana,Abbado,4/14/1956,nabbadokj@icq.com
Mannie,St Clair,11/4/1987,mstclairkk@csmonitor.com
Nobie,Linturn,6/13/1984,nlinturnkl@pagesperso-orange.fr
Itch,Bragge,11/21/1974,ibraggekm@networkadvertising.org
Rochester,Lockett,3/25/1968,rlockettkn@comcast.net
Dallas,Ryhorovich,6/2/1987,dryhorovichko@desdev.cn
Celeste,Spragg,2/25/1984,cspraggkp@printfriendly.com
Netty,Ternott,9/26/1978,nternottkq@webeden.co.uk
Alric,Quested,1/24/1996,aquestedkr@exblog.jp
Rebekkah,Easterfield,3/10/1950,reasterfieldks@seesaa.net
Bili,Francomb,7/12/1974,bfrancombkt@chronoengine.com
Monica,Braundt,1/26/1947,mbraundtku@usatoday.com
Lari,Simpole,12/20/1979,lsimpolekv@foxnews.com
Cyndia,Whisby,6/17/1957,cwhisbykw@newsvine.com
Maud,Brigham,6/30/1982,mbrighamkx@goo.gl
Carlene,Gerald,4/9/1986,cgeraldky@nyu.edu
Lexine,Skryne,7/15/1953,lskrynekz@furl.net
Marleah,Freeberne,7/22/1981,mfreebernel0@fc2.com
Jenny,Kilian,3/29/1956,jkilianl1@taobao.com
Leicester,Iacobucci,2/20/1970,liacobuccil2@sina.com.cn
Jessie,Godlonton,2/28/1977,jgodlontonl3@techcrunch.com
Rudolfo,Tuckett,11/26/1970,rtuckettl4@tiny.cc
Kalli,De Dei,5/10/1981,kdedeil5@ovh.net
Antonetta,Iacavone,11/2/1971,aiacavonel6@mapquest.com
Angie,Sympson,2/15/1972,asympsonl7@dyndns.org
Jsandye,Krystek,1/1/1983,jkrystekl8@nature.com
Lazaro,Siege,11/19/1957,lsiegel9@gov.uk
Currie,Berrecloth,5/27/1954,cberreclothla@theguardian.com
Doti,Raggett,7/28/1940,draggettlb@mail.ru
Conant,Brotherwood,6/21/1957,cbrotherwoodlc@nifty.com
Alfonso,Gother,10/4/1986,agotherld@blogs.com
Reagan,Rodenburgh,3/31/1995,rrodenburghle@fotki.com
Raina,Domke,2/28/1959,rdomkelf@issuu.com
Mia,Clacey,6/5/1985,mclaceylg@g.co
Hollyanne,Chellenham,2/24/1989,hchellenhamlh@digg.com
Dana,Gwyneth,5/10/1972,dgwynethli@shareasale.com
Astra,Goskar,11/20/1955,agoskarlj@redcross.org
Andie,Trinke,1/26/1985,atrinkelk@icq.com
Melisandra,Andrez,4/24/1988,mandrezll@wikispaces.com
Al,Hamblett,2/23/1957,ahamblettlm@bloglines.com
Zeke,Praton,7/21/1953,zpratonln@google.co.uk
Sande,Stoffels,4/19/1942,sstoffelslo@biblegateway.com
Ketti,Slayny,12/14/1987,kslaynylp@zdnet.com
Fransisco,Taffe,2/4/1967,ftaffelq@so-net.ne.jp
Diannne,Scrange,12/26/1943,dscrangelr@nytimes.com
Francisco,Shera,1/6/1971,fsherals@shop-pro.jp
Paulie,Fawthrop,8/19/1965,pfawthroplt@comsenz.com
Sibylla,Coskerry,11/19/1968,scoskerrylu@theglobeandmail.com
Chrissy,Cleife,6/22/1949,ccleifelv@angelfire.com
Margret,Gomersall,12/29/1973,mgomersalllw@cbsnews.com
Roderich,Jarnell,3/2/1985,rjarnelllx@reddit.com
Ag,Daintith,10/30/1952,adaintithly@samsung.com
Annmarie,Denerley,5/16/1950,adenerleylz@foxnews.com
Vevay,Stevens,12/9/1991,vstevensm0@pagesperso-orange.fr
Sullivan,Hamer,5/18/1992,shamerm1@omniture.com
Camey,McGinlay,1/12/1957,cmcginlaym2@reference.com
Leanora,Fillary,8/4/1984,lfillarym3@mayoclinic.com
Dickie,Recke,3/21/1954,dreckem4@shareasale.com
Craggie,Sergeant,12/13/1989,csergeantm5@angelfire.com
Darbee,Kings,4/30/1991,dkingsm6@imdb.com
Carolina,Gallardo,10/6/1974,cgallardom7@liveinternet.ru
Milena,Gledstane,1/25/1952,mgledstanem8@tinypic.com
Katina,Keaveney,12/25/1965,kkeaveneym9@mediafire.com
Hollis,Stenners,1/12/1987,hstennersma@tuttocitta.it
Miles,Counihan,8/19/1974,mcounihanmb@linkedin.com
Grove,Going,12/20/1976,ggoingmc@reference.com
Gaylord,Artus,12/27/1952,gartusmd@hostgator.com
Glynn,Barajaz,11/11/1967,gbarajazme@1und1.de
Ranee,Benedit,8/3/1988,rbeneditmf@live.com
Guntar,Imlaw,8/15/1953,gimlawmg@umich.edu
Kassey,Buterton,9/4/1982,kbutertonmh@nationalgeographic.com
Robinet,Feben,8/17/1983,rfebenmi@boston.com
Erminia,Mulvenna,7/23/1959,emulvennamj@fda.gov
Lyndsey,Tucker,5/14/1981,ltuckermk@yolasite.com
Claybourne,Atkinson,12/31/1981,catkinsonml@blogspot.com
Bartram,Seldner,5/8/1995,bseldnermm@imgur.com
Pammi,Pinckney,1/27/1954,ppinckneymn@usda.gov
Rosco,Breffit,2/21/1948,rbreffitmo@domainmarket.com
Keven,Santhouse,9/16/1972,ksanthousemp@ebay.co.uk
Ian,Sheals,1/22/1971,ishealsmq@biglobe.ne.jp
Winnah,Ferentz,2/24/1943,wferentzmr@examiner.com
Silvio,Stroobant,11/23/1984,sstroobantms@usatoday.com
Lyell,Physic,8/9/1994,lphysicmt@canalblog.com
Ailsun,Ely,2/15/1955,aelymu@phoca.cz
Roderick,Fulun,11/27/1971,rfulunmv@wikipedia.org
Jarvis,Northcliffe,5/21/1947,jnorthcliffemw@webnode.com
Margarette,Glader,9/30/1957,mgladermx@odnoklassniki.ru
Alwin,O'Kelly,8/8/1973,aokellymy@wunderground.com
Darcy,Beazley,3/9/1996,dbeazleymz@epa.gov
Nariko,Maxsted,5/10/1984,nmaxstedn0@auda.org.au
Jewel,Gaish,1/16/1979,jgaishn1@cnet.com
Enrique,Okie,7/28/1976,eokien2@histats.com
Robinson,Crossley,3/7/1946,rcrossleyn3@devhub.com
Alidia,Grouer,1/29/1949,agrouern4@dagondesign.com
Joshuah,Braund,8/19/1949,jbraundn5@jigsy.com
Emilie,Kingsnorth,2/7/1996,ekingsnorthn6@slideshare.net
Karlan,Scruton,10/7/1984,kscrutonn7@unblog.fr
Roana,Dunwoody,2/17/1993,rdunwoodyn8@ft.com
Raff,Loude,11/3/1993,rlouden9@unicef.org
Natale,Sedgeman,2/1/1957,nsedgemanna@ustream.tv
Bertie,Coulsen,3/15/1989,bcoulsennb@engadget.com
Russ,Fruen,11/21/1994,rfruennc@rediff.com
Josselyn,Faughnan,8/1/1989,jfaughnannd@nbcnews.com
Arlana,Ballentime,6/18/1943,aballentimene@statcounter.com
Derk,Rousel,10/2/1945,drouselnf@who.int
Candice,Vahl,6/3/1969,cvahlng@spotify.com
Cacilia,Parmenter,10/4/1954,cparmenternh@ezinearticles.com
Elisha,O'Fogerty,3/29/1941,eofogertyni@ca.gov
Gusta,Oakeshott,12/9/1975,goakeshottnj@photobucket.com
Sig,Hows,6/19/1950,showsnk@people.com.cn
Neddy,Iggulden,10/15/1983,nigguldennl@nyu.edu
Sunshine,Atyeo,4/24/1966,satyeonm@patch.com
Ransom,Chestney,8/28/1976,rchestneynn@fema.gov
Zaccaria,Babbe,9/6/1964,zbabbeno@businessinsider.com
Cello,Rosoman,9/21/1982,crosomannp@narod.ru
Windham,Tanzer,5/27/1947,wtanzernq@cmu.edu
Ailene,Sansome,3/8/1951,asansomenr@sakura.ne.jp
Kearney,Acres,9/15/1995,kacresns@gov.uk
Christye,Leedal,10/5/1961,cleedalnt@xing.com
Worthington,Brockwell,8/7/1946,wbrockwellnu@shinystat.com
Madlen,Judgkins,7/23/1978,mjudgkinsnv@mail.ru
Sheela,Chastand,11/28/1967,schastandnw@vkontakte.ru
Marney,MacCartney,2/8/1991,mmaccartneynx@hhs.gov
Nanny,Hardbattle,10/26/1969,nhardbattleny@1688.com
Ines,Tidder,12/11/1980,itiddernz@cbsnews.com
Wildon,Loan,6/13/1984,wloano0@ameblo.jp
Carine,Robilart,5/27/1966,crobilarto1@webeden.co.uk
Jillana,Kirkwood,12/9/1964,jkirkwoodo2@booking.com
Edd,Havvock,7/2/1964,ehavvocko3@google.nl
Dacie,Fawley,11/19/1969,dfawleyo4@ezinearticles.com
Corby,Ivanenko,11/6/1956,civanenkoo5@mozilla.com
Britta,Titcom,11/28/1993,btitcomo6@paypal.com
Micaela,Pessolt,3/31/1956,mpessolto7@blogger.com
Moll,Gribbon,5/10/1966,mgribbono8@upenn.edu
Claudine,Berrey,8/30/1960,cberreyo9@surveymonkey.com
Avictor,Haythorne,5/14/1961,ahaythorneoa@mayoclinic.com
Elisha,Bonner,5/11/1940,ebonnerob@shop-pro.jp
Forster,Gianuzzi,8/13/1972,fgianuzzioc@cmu.edu
Alva,Dresser,12/28/1969,adresserod@163.com
Briny,Godart,3/12/1974,bgodartoe@businessinsider.com
Kale,Newlands,1/10/1985,knewlandsof@qq.com
Josie,Wolfer,2/27/1960,jwolferog@dropbox.com
Kalil,Koenraad,9/27/1964,kkoenraadoh@nhs.uk
Reinhold,Pratton,7/20/1987,rprattonoi@nymag.com
Toinette,Cockshut,7/11/1962,tcockshutoj@foxnews.com
Sheila-kathryn,Playdon,9/4/1964,splaydonok@51.la
Laird,Blockwell,6/12/1949,lblockwellol@bravesites.com
Esra,Josupeit,8/19/1983,ejosupeitom@ft.com
Prinz,Badham,12/9/1981,pbadhamon@businessinsider.com
Kit,Cancellieri,7/14/1985,kcancellierioo@yahoo.co.jp
Teador,Kees,3/28/1944,tkeesop@cocolog-nifty.com
Althea,Daniels,7/8/1982,adanielsoq@usatoday.com
Bliss,ffrench Beytagh,9/26/1962,bffrenchbeytaghor@exblog.jp
Frank,McCroary,9/12/1964,fmccroaryos@goodreads.com
Cassaundra,Goulstone,3/8/1996,cgoulstoneot@who.int
Giffer,Culligan,6/8/1979,gculliganou@hc360.com
Janenna,Kynsey,1/13/1971,jkynseyov@telegraph.co.uk
Ileana,Favey,2/27/1976,ifaveyow@sbwire.com
Jana,Sundin,2/11/1980,jsundinox@seesaa.net
Nichole,Standen,8/10/1986,nstandenoy@jimdo.com
Jaimie,Gauntley,9/20/1980,jgauntleyoz@shop-pro.jp
Hugibert,Briscam,10/30/1982,hbriscamp0@google.es
Gaile,Faireclough,3/6/1966,gfairecloughp1@fc2.com
Victoria,Bonnet,11/6/1957,vbonnetp2@paypal.com
Berton,Waldera,4/21/1941,bwalderap3@diigo.com
Anthiathia,Evens,10/29/1958,aevensp4@baidu.com
Elwira,Strahan,5/15/1995,estrahanp5@engadget.com
Berkley,McFadden,11/19/1978,bmcfaddenp6@booking.com
Devonne,Frontczak,6/5/1972,dfrontczakp7@hp.com
Evangeline,Caw,7/18/1969,ecawp8@nps.gov
Dill,Ranscome,9/20/1942,dranscomep9@buzzfeed.com
Fredek,Insley,12/26/1987,finsleypa@accuweather.com
Read,Kunkler,9/1/1954,rkunklerpb@dagondesign.com
Zebadiah,Belden,10/10/1965,zbeldenpc@soundcloud.com
Burtie,Samwyse,7/25/1968,bsamwysepd@hatena.ne.jp
Troy,Rutgers,8/12/1946,trutgerspe@howstuffworks.com
Zacharia,Claiton,1/18/1948,zclaitonpf@g.co
Scarface,Blizard,7/13/1987,sblizardpg@godaddy.com
Felipa,Munkton,10/15/1989,fmunktonph@boston.com
Jarrett,Jakeman,11/29/1944,jjakemanpi@msu.edu
Karia,Szymczyk,10/10/1948,kszymczykpj@weibo.com
Mia,Gelly,8/13/1978,mgellypk@stanford.edu
Kimmi,Hartopp,3/9/1963,khartopppl@1und1.de
Teador,Benns,5/28/1945,tbennspm@cafepress.com
Lezley,Vedenisov,11/25/1964,lvedenisovpn@acquirethisname.com
Ely,Ruckman,7/27/1961,eruckmanpo@studiopress.com
Bernard,Eivers,3/30/1954,beiverspp@archive.org
Marcellina,Hughesdon,7/11/1985,mhughesdonpq@bloomberg.com
Petronilla,Spinello,6/7/1967,pspinellopr@phoca.cz
Brendan,Callicott,2/21/1956,bcallicottps@sbwire.com
Sholom,Comfort,2/17/1972,scomfortpt@ifeng.com
Tabby,Cottrill,6/26/1983,tcottrillpu@amazon.com
Porter,Skunes,3/29/1969,pskunespv@slashdot.org
Heddie,Sawle,1/30/1944,hsawlepw@nsw.gov.au
Benjamen,Colcomb,3/1/1945,bcolcombpx@google.com.br
Egan,Bleackley,2/19/1989,ebleackleypy@elegantthemes.com
Ola,Gainseford,3/27/1992,ogainsefordpz@usda.gov
Rachel,Lemary,7/19/1968,rlemaryq0@ocn.ne.jp
Kelcey,D'Aulby,11/24/1956,kdaulbyq1@newyorker.com
Efrem,Dautry,1/19/1962,edautryq2@icq.com
Hillery,De Laspee,2/14/1961,hdelaspeeq3@is.gd
Jerri,Crang,8/12/1975,jcrangq4@census.gov
Perrine,Forson,1/20/1961,pforsonq5@arstechnica.com
Krishnah,Blunt,7/24/1961,kbluntq6@columbia.edu
Halsey,Bernadzki,4/1/1967,hbernadzkiq7@twitter.com
Arnaldo,Calverley,10/17/1966,acalverleyq8@creativecommons.org
Yulma,Abba,10/14/1988,yabbaq9@yellowbook.com
Terrie,Renouf,9/10/1966,trenoufqa@hexun.com
Ebeneser,Lowe,5/21/1982,eloweqb@over-blog.com
Billy,Badini,12/28/1969,bbadiniqc@alexa.com
Winna,Neasam,11/22/1959,wneasamqd@amazon.co.uk
Em,Izac,10/26/1976,eizacqe@barnesandnoble.com
Horatius,Walkington,1/19/1979,hwalkingtonqf@simplemachines.org
Joey,Stoate,7/16/1985,jstoateqg@yandex.ru
Toby,Pelosi,1/7/1989,tpelosiqh@mediafire.com
Teddi,Lawman,3/19/1959,tlawmanqi@omniture.com
Mathew,Davidovits,6/21/1971,mdavidovitsqj@squidoo.com
Johnny,Le Sarr,5/10/1966,jlesarrqk@taobao.com
Lazarus,McCafferty,5/16/1978,lmccaffertyql@domainmarket.com
Hercules,Corkitt,3/12/1984,hcorkittqm@com.com
Nathalie,Bleckly,10/16/1969,nblecklyqn@walmart.com
Corty,Watton,10/25/1943,cwattonqo@about.me
Alanah,Challin,6/19/1942,achallinqp@independent.co.uk
Cherry,Lortzing,12/12/1986,clortzingqq@amazon.co.uk
Claire,Wittman,5/3/1980,cwittmanqr@facebook.com
Son,Lidgate,3/28/1948,slidgateqs@google.nl
Ruthie,Varey,6/29/1965,rvareyqt@multiply.com
Olympe,Grimmert,6/21/1970,ogrimmertqu@yelp.com
Gaston,Poutress,6/15/1941,gpoutressqv@reference.com
Courtnay,Mushrow,12/28/1948,cmushrowqw@biblegateway.com
Morgana,Patkin,4/5/1944,mpatkinqx@fotki.com
Robyn,Raoult,2/10/1979,rraoultqy@chicagotribune.com
Lezley,Gobell,10/19/1950,lgobellqz@sbwire.com
Lionel,Hurd,2/13/1982,lhurdr0@arstechnica.com
Candace,Coggin,6/19/1973,ccogginr1@examiner.com
Abigael,Suggey,1/28/1950,asuggeyr2@webeden.co.uk
Lucinda,Brayshaw,8/16/1980,lbrayshawr3@jugem.jp
Smith,Gatward,6/2/1957,sgatwardr4@vinaora.com
Mercy,Valintine,5/9/1989,mvalintiner5@topsy.com
Yard,Crysell,7/2/1989,ycrysellr6@blogspot.com
Irena,Bortolazzi,2/13/1947,ibortolazzir7@sakura.ne.jp
Rustin,Dytham,7/25/1941,rdythamr8@is.gd
Hilliary,Raspison,6/3/1994,hraspisonr9@princeton.edu
Antoinette,Bridat,4/13/1959,abridatra@gov.uk
Violette,Prando,3/24/1951,vprandorb@so-net.ne.jp
Brew,Camelli,2/25/1943,bcamellirc@state.tx.us
Desiree,Stanway,9/18/1942,dstanwayrd@xing.com
Mervin,Archdeacon,7/29/1953,marchdeaconre@twitter.com
Morley,Kenderdine,3/3/1964,mkenderdinerf@squarespace.com
Lydia,Hamelyn,12/10/1973,lhamelynrg@spiegel.de
Dollie,de Najera,4/13/1971,ddenajerarh@intel.com
Tracey,Lintot,12/30/1992,tlintotri@irs.gov
Evan,Kierans,11/4/1970,ekieransrj@discovery.com
Ode,Edkins,9/9/1983,oedkinsrk@odnoklassniki.ru
Vanda,Aasaf,5/28/1990,vaasafrl@cmu.edu
Sindee,Damato,3/6/1977,sdamatorm@list-manage.com
Sigrid,Mogenot,6/14/1949,smogenotrn@surveymonkey.com
Shirley,Campbell,12/27/1966,scampbellro@jalbum.net
Neron,Bayns,7/18/1967,nbaynsrp@disqus.com
Deerdre,Worthington,5/15/1970,dworthingtonrq@odnoklassniki.ru
Eirena,Yeliashev,8/1/1974,eyeliashevrr@gov.uk
